Bookmarked Schools,School Name,School DBN,Neighborhood,Subway Information,Bus Information
,Ò47Ó The American Sign Language and English Secondary School,02M047,Gramercy,"4, 5, Q to 14th St-Union Square ; 6, N, R to 23rd St ; L to 3rd Ave","BM1, BM2, BM3, BM4, BxM1, BxM10, BxM11, BxM18, BxM3, BxM4, BxM6, BxM7, BxM8, BxM9, M1, M101, M102, M103, M14A, M14D, M15, M15-SBS, M2, M23, M3, M34A-SBS, M5, M9, QM21, X1, X10, X10B, X12, X14, X17, X2, X27, X28, X37, X38, X42, X5, X63, X64, X68, X7, X9"
,A. Philip Randolph Campus High School,06M540,Manhattanville,"1 to 137th St - City College ; A, D to 125th St ; B, C to 135th St","Bx15, Bx19, Bx33, M10, M100, M101, M104, M11, M2, M3, M4, M5"
,Abraham Lincoln High School,21K410,West Brighton,B to Brighton Beach; F to Neptune Ave-Van Siclen; Q to Ocean Parkway,"B1, B36, B4, B68"
,Academy for Careers in Television and Film (ACTV),30Q301,Hunters Point-Sunnyside,7 to Vernon Blvd-Jackson Ave ; G to 21st St,"B32, B43, B62, Q103"
,Academy for College Preparation and Career Exploration: A College Board School,17K382,Flatbush,"2, 5, B, Q to Church Ave","B103, B12, B16, B35, B41, B44, B44-SBS, B49, BM1, BM2, BM3, BM4"
,Academy for Conservation and the Environment,18K637,Canarsie,N/A,"B103, B47, B6, B82, BM1, BM2"
,Academy for Environmental Leadership,32K403,Bushwick,"L, M to Myrtle Ave-Wyckoff Ave","B13, B20, B26, B38, B52, B54, B60, Q55, Q58"
,Academy for Health Careers,17K751,Crown Heights North,3 to Kingston Ave; A to Utica Ave; C to Kingston-Throop,"B15, B25, B26, B43, B44, B45, B46, B65"
,Academy for Language and Technology,09X365,University Heights-Morris Heights,"4 to 176th St ; B, D to 174th-175th Sts","Bx1, Bx18, Bx2, Bx3, Bx32, Bx36, Bx40, Bx42, BxM4"
,Academy for Scholarship and Entrepreneurship: A College Board School,11X270,Williamsbridge-Olinville,"2, 5 to 225th St","Bx31, Bx39, Bx8, BxM11"
,Academy for Social Action,05M367,Manhattanville,"1, A, B, C, D to 125th St","Bx15, Bx33, M10, M100, M101, M104, M11, M3, M4, M5, M60-SBS"
,Academy for Software Engineering (AFSE),02M546,Gramercy,"1, 2, 3, F, M to 14th St - 6th Ave ; 4, 5, 6, L, N, Q, R to 14th St-Union Square ; L to 3rd Ave","BM1, BM2, BM3, BM4, BxM10, BxM6, BxM7, BxM8, BxM9, M1, M101, M102, M103, M14A, M14D, M15, M15-SBS, M2, M23, M3, M34A-SBS, M5, M7, M8, M9, QM21, X1, X10, X10B, X12, X14, X17, X2, X27, X28, X37, X38, X42, X5, X63, X64, X68, X7, X9"
,Academy for Young Writers,19K404,East New York,N/A,"B100, B13, B20, B3, B41, B47, B6, B83, B84, BM1, BM5, Q8"
,Academy of American Studies,30Q575,Queensbridge-LIC,"7, N, Q to Queensboro Plaza; E, M, R to Queens Plaza; F to 21st St Ð Queensbridge; G to Court Sq Ð 23rd St","B62, Q100, Q101, Q102, Q103, Q32, Q39, Q60, Q66, Q67, Q69"
,Academy of Finance and Enterprise,24Q264,Hunters Point-Sunnyside,"7 to 33rd St ; E, M, R to Queens Plaza ; G to Court Sq - 23rd St ; N, Q to Queensboro Plaza","B62, Q100, Q101, Q102, Q32, Q39, Q60, Q66, Q67, Q69"
,Academy of Hospitality and Tourism,17K408,Flatbush,"2, 5, B, Q to Church Ave","B103, B12, B16, B35, B41, B44, B44-SBS, B49, BM1, BM2, BM3, BM4"
,Academy of Innovative Technology,19K618,Cypress Hills,"J, Z to 75th St Ð Elderts Lane","B13, Q56"
,Academy of Medical Technology: A College Board School,27Q309,Far Rockaway-Bayswater,A to Beach 25th St-Wavecrest,"Q114, Q22, QM17"
,Academy of Urban Planning,32K552,Bushwick,"L, M to Myrtle Ave-Wyckoff Ave","B13, B20, B26, B38, B52, B54, B60, Q55, Q58"
,ACORN Community High School,13K499,Crown Heights North,"2, 3 to Eastern Parkway-Brooklyn Museum; C to Franklin Ave; F, S to Park Place","B25, B26, B44, B44-SBS, B45, B48, B49, B52, B65, B69"
,Alfred E. Smith Career and Technical Education High School,07X600,Melrose S.-Mott Haven N.,"4 to 149th St-Grand Concourse ; 2, 5 to 3rd Ave-149th St","Bx1, Bx13, Bx15, Bx17, Bx19, Bx2, Bx21, Bx32, Bx4, Bx41, Bx41-SBS, Bx4A, Bx6, BxM4"
,All City Leadership Secondary School,32K554,Bushwick,"L, M to Myrtle Ave-Wyckoff Ave","B13, B26, B38, B52, B54, B60, Q55, Q58"
,Antonia Pantoja Preparatory Academy: A College Board School,08X376,Castle Hill-Clason Point,N/A,"Bx22, Bx27, Bx36, Bx39, Bx5, BxM8"
,"Archimedes Academy for Math, Science and Technology Applications",08X367,Castle Hill-Clason Point,N/A,"Bx22, Bx27, Bx36, Bx39, Bx5"
,Art and Design High School,02M630,E. Midtown,"4, 5, 6, N, Q, R to Lexington Ave-59 St ; 6, E, M to Lexington Ave-53 St ; F to Lexington Ave-63 St","BM1, BM2, BM3, BM4, BM5, BxM1, BxM10, BxM11, BxM18, BxM3, BxM4, BxM6, BxM7, BxM8, BxM9, M1, M101, M102, M103, M15, M15-SBS, M2, M3, M31, M4, M50, M57, Q101, Q32, Q60, QM1, QM10, QM12, QM15, QM16, QM17, QM18, QM2, QM20, QM21, QM24, QM3, QM4, QM5, QM6, X10, X10B, X12, X14, X17, X17J, X2, X22, X22A, X27, X28, X30, X31, X37, X38, X42, X5, X63, X64, X68"
,Arts & Media Preparatory Academy,18K589,Prospect Lefferts Gardens,N/A,"B12, B15, B17, B35, B46, B47, B7"
,Astor Collegiate Academy,11X299,Bronxdale,"2, 5 to Pelham Parkway","Bx12, Bx12-SBS, Bx26, Bx39, Bx8, BxM11"
,August Martin High School,27Q400,Springfield Gardens North,N/A,"Q111, Q113, Q114, Q6, Q7, QM21"
,Automotive High School,14K610,Williamsburg,G to Nassau Ave; L to Bedford Ave,"B32, B43, B48, B62"
,Aviation Career & Technical Education High School,24Q610,Hunters Point-Sunnyside,7 to 33rd St,"B24, Q32, Q39, Q60, Q67"
,Baccalaureate School for Global Education,30Q580,Queensbridge-LIC,"M, R to 36th St ; N, Q to 36th Ave-Washington Ave","Q101, Q102, Q104, Q66"
,Banana Kelly High School,08X530,Longwood,"2, 5 to Prospect Ave ; 6 to Longwood Ave","Bx17, Bx19, Bx4, Bx46, Bx4A, Bx5, Bx6"
,Bard High School Early College,01M696,Lower East Side,"F to Delancey St; J, M, Z to Essex St","M14A, M14D, M21, M22, M8, M9, X37, X38"
,Bard High School Early College Queens,24Q299,Hunters Point-Sunnyside,"7 to 33rd St ; E, M, R to Queens Plaza ; G to Court Sq - 23rd St ; N, Q to Queensboro Plaza","B62, Q100, Q101, Q102, Q32, Q39, Q60, Q66, Q67, Q69"
,Baruch College Campus High School,02M411,Chelsea-Union Sq,"4, 5, L, Q to 14th St-Union Square ; 6, F, M, N, R to 23rd St ; B, D to 34th St-Herald Square","BM1, BM2, BM3, BM4, BM5, BxM1, BxM10, BxM11, BxM18, BxM3, BxM4, BxM6, BxM7, BxM8, BxM9, M1, M101, M102, M103, M15, M15-SBS, M2, M23, M3, M34A-SBS, M34-SBS, M4, M5, M7, M9, Q32, QM1, QM10, QM12, QM15, QM16, QM17, QM18, QM2, QM20, QM21, QM24, QM3, QM4, QM5, QM6, X1, X10, X10B, X12, X14, X17, X17J, X2, X22, X22A, X27, X28, X31, X37, X38, X42, X5, X63, X64, X68, X7, X9"
,Bayside High School,26Q495,Bayside-Bayside Hills,N/A,"Q13, Q28, Q31, Q76, QM20"
,Beacon High School,03M479,Clinton,"1, 2, 3, 7, N, Q, R, S to 42nd STÐTimes Square","M104, M11, M12, M20, M34A-SBS, M34-SBS, M42, M50, X17J, X21, X22, X22A, X30, X31"
,Bedford Academy High School,13K595,Bedford-Stuyvesant,"A to Nostrand Ave; C, S to Franklin Ave; G to Bedford-Nostrand","B25, B26, B38, B43, B44, B44-SBS, B48, B49, B52"
,Belmont Preparatory High School,10X434,Belmont,"B, D to Fordham Rd","Bx1, Bx12, Bx12-SBS, Bx15, Bx17, Bx19, Bx2, Bx22, Bx28, Bx34, Bx38, Bx41, Bx41-SBS, Bx9, BxM4"
,Benjamin Banneker Academy,13K670,Clinton Hill,N/A,"B38, B48, B54, B57, B62, B67, B69"
,Benjamin Franklin High School for Finance & Information Technology,29Q313,Cambria Heights,N/A,"Q27, Q4, Q77, Q83, Q84, X64"
,Benjamin N. Cardozo High School,26Q415,Oakland Gardens,N/A,"Q27, Q30, QM5, QM8"
,Boys and Girls High School,16K455,Bedford-Stuyvesant,"A, C to Utica Ave","B15, B25, B26, B43, B45, B46, B47, B65"
,Bronx Academy for Software Engineering (BASE),10X264,Belmont,N/A,"Bx12, Bx12-SBS, Bx15, Bx17, Bx19, Bx22, Bx36, Bx9"
,Bronx Academy of Health Careers,11X290,Williamsbridge-Olinville,"2, 5 to Gun Hill Rd","Bx28, Bx30, Bx38, Bx39, Bx41, Bx41-SBS, Bx8, BxM11"
,Bronx Aerospace High School,11X545,Williamsbridge-Olinville,"2, 5 to Gun Hill Rd","Bx28, Bx30, Bx38, Bx39, Bx41, Bx41-SBS, Bx8, BxM11"
,Bronx Bridges High School,08X432,Castle Hill-Clason Point,N/A,"Bx22, Bx27, Bx36, Bx39, Bx5, BxM8"
,Bronx Career and College Preparatory High School,12X479,Longwood,"2, 5 to Intervale Ave","Bx11, Bx15, Bx17, Bx19, Bx21, Bx27, Bx35, Bx4, Bx4A, Bx5, Bx6"
,Bronx Center for Science and Mathematics,09X260,Claremont-Bathgate,N/A,"Bx11, Bx15, Bx17, Bx21, Bx35, Bx41, Bx41-SBS"
,Bronx Collaborative High School,10X351,Van Cortlandt Village,"4 to Mosholu Parkway ; B, D to Bedford Park Blvd","Bx1, Bx10, Bx16, Bx2, Bx22, Bx26, Bx28, Bx30, Bx34, Bx38, BxM3, BxM4"
,Bronx Collegiate Academy,09X227,E. Concourse-Concourse Village,"4, B, D to 170th St","Bx1, Bx11, Bx15, Bx18, Bx2, Bx32, Bx35, Bx41, Bx41-SBS, BxM4"
,Bronx Compass High School,08X561,Castle Hill-Clason Point,N/A,"Bx22, Bx27, Bx36, Bx39, Bx5, BxM8"
,Bronx Design and Construction Academy,07X522,Melrose S.-Mott Haven N.,"4 to 149th St-Grand Concourse ; 2, 5 to 3rd Ave-149th St","Bx1, Bx13, Bx15, Bx17, Bx19, Bx2, Bx21, Bx32, Bx4, Bx41, Bx41-SBS, Bx4A, Bx6, BxM4"
,Bronx Early College Academy for Teaching & Learning,09X324,E. Concourse-Concourse Village,"4, B, D to 161st St-Yankee Stadium ; B, D to 167th St","Bx1, Bx13, Bx2, Bx32, Bx35, Bx41, Bx41-SBS, Bx6, BxM4"
,Bronx Engineering and Technology Academy,10X213,Spuyten Duyvil-Kingsbridge,1 to Marble Hill - 225th St,"Bx1, Bx10, Bx2, Bx20, Bx7, Bx9, BxM1, BxM18, BxM2, M100"
,Bronx Envision Academy,12X511,Crotona Park East,"2, 5 to 174th St","Bx11, Bx17, Bx19, Bx21, Bx36"
,Bronx Guild,08X452,Castle Hill-Clason Point,N/A,"Bx22, Bx27, Bx36, Bx39, Bx5, BxM8"
,Bronx Health Sciences High School,11X249,Co-op City,5 to Baychester Ave,"Bx12, Bx12-SBS, Bx23, Bx26, Bx28, Bx29, Bx30, Bx38, Bx5, BxM7, Q50"
,Bronx High School for Law and Community Service,10X439,Belmont,"B, D to Fordham Rd","Bx1, Bx12, Bx12-SBS, Bx15, Bx17, Bx19, Bx2, Bx22, Bx28, Bx34, Bx38, Bx41, Bx41-SBS, Bx9, BxM4"
,Bronx High School for Medical Science,09X413,E. Concourse-Concourse Village,"4, B, D to 170th St","Bx1, Bx11, Bx15, Bx18, Bx2, Bx32, Bx35, Bx41, Bx41-SBS, BxM4"
,Bronx High School for the Visual Arts,11X418,Pelham Parkway,"2, 5 to Bronx Park East","Bx12, Bx12-SBS, Bx21, Bx22, Bx39, BxM10, BxM11"
,Bronx High School for Writing and Communication Arts,11X253,Williamsbridge-Olinville,"2, 5 to Gun Hill Rd","Bx28, Bx30, Bx38, Bx39, Bx41, Bx41-SBS, Bx8, BxM11"
,Bronx High School of Business,09X412,E. Concourse-Concourse Village,"4, B, D to 170th St","Bx1, Bx11, Bx15, Bx18, Bx2, Bx32, Bx35, Bx41, Bx41-SBS, BxM4"
,Bronx High School of Science,10X445,Van Cortlandt Village,"4 to Bedford Park Blvd - Lehman College ; B, D to Bedford Park Blvd","Bx1, Bx10, Bx2, Bx22, Bx26, Bx28, Bx3, Bx38, BxM3, BxM4"
,Bronx International High School,09X403,Morrisania-Melrose,"2, 5 to Intervale Ave","Bx13, Bx15, Bx17, Bx21, Bx35, Bx4, Bx41, Bx41-SBS, Bx4A, Bx6"
,Bronx Lab School,11X265,Williamsbridge-Olinville,"2, 5 to Gun Hill Rd","Bx28, Bx30, Bx38, Bx39, Bx41, Bx41-SBS, Bx8, BxM11"
,Bronx Latin,12X267,Longwood,"2, 5 to Intervale Ave","Bx11, Bx15, Bx17, Bx19, Bx21, Bx27, Bx35, Bx4, Bx4A, Bx5, Bx6"
,Bronx Leadership Academy High School,09X525,Claremont-Bathgate,"B, D to 174th-175th Sts","Bx1, Bx11, Bx15, Bx17, Bx2, Bx32, Bx36, Bx40, Bx41, Bx41-SBS, Bx42, BxM4"
,Bronx Leadership Academy II High School,07X527,E. Concourse-Concourse Village,"2, 4, 5 to 149th St-Grand Concourse ; B, D to 161st St-Yankee Stadium","Bx1, Bx13, Bx19, Bx2, Bx32, Bx41, Bx41-SBS, Bx6, BxM4"
,Bronx River High School,08X349,Schuylerville-Throgs Neck,6 to Westchester Sq - East Tremont Ave,"Bx21, Bx24, Bx31, Bx4, Bx40, Bx42, Bx4A, Bx8"
,"Bronx School for Law, Government and Justice",09X505,E. Concourse-Concourse Village,"4, B, D to 161st St-Yankee Stadium","Bx1, Bx13, Bx2, Bx32, Bx35, Bx41, Bx41-SBS, Bx6, BxM4"
,Bronx School of Law and Finance,10X284,Spuyten Duyvil-Kingsbridge,1 to Marble Hill - 225th St,"Bx1, Bx10, Bx2, Bx20, Bx7, Bx9, BxM1, BxM18, BxM2, M100"
,Bronx Studio School for Writers and Artists,08X269,Hunts Point,"2, 5 to Intervale Ave ; 6 to Hunts Point Ave","Bx11, Bx17, Bx19, Bx27, Bx35, Bx4, Bx46, Bx4A, Bx5, Bx6"
,Bronx Theatre High School,10X546,Spuyten Duyvil-Kingsbridge,1 to Marble Hill - 225th St,"Bx1, Bx10, Bx2, Bx20, Bx7, Bx9, BxM1, BxM18, BxM2, M100"
,Bronxdale High School,11X508,Bronxdale,"2, 5 to Pelham Parkway","Bx12, Bx12-SBS, Bx26, Bx39, Bx8, BxM11"
,Brooklyn Academy of Science and the Environment,17K547,Crown Heights South,"2, 3, 4, 5 to Franklin Ave; B, Q to Prospect Park; F to Park Place; S to Botanic Garden","B16, B41, B43, B44-SBS, B45, B48, B49, B69"
,Brooklyn College Academy,22K555,Windsor Terrace,"B, Q to Church Ave; F, G to Fort Hamilton Parkway","B103, B16, B35, B67, B68, B69, BM3, BM4"
,Brooklyn Collegiate: A College Board School,23K493,Ocean Hill,"A, J, L, Z to Broadway Junction; C to Rockaway Ave","B12, B14, B25, B45, B47, B60, B65, B7"
,"Brooklyn Community High School of Communication, Arts and Media (BCAM)",13K412,Clinton Hill,G to Classon Ave,"B38, B44, B44-SBS, B48, B52, B54, B57, B62"
,Brooklyn Frontiers High School,15K423,DUMBO-Downtown Brooklyn,"2, 3, 4, 5 to Court St Ð Bourough Hall; A, C, F, R to Jay St-MetroTech; B, Q to DeKalb Ave; G to Hoyt & Schermerhorn","B103, B25, B26, B38, B41, B45, B52, B54, B57, B61, B62, B63, B65, B67"
,Brooklyn Generation School,18K566,Canarsie,N/A,"B103, B47, B6, B82, BM1, BM2"
,Brooklyn High School for Law and Technology,16K498,Bedford-Stuyvesant,"J, Z to Gates Ave","B20, B26, B38, B46, B47, B52, B7, Q24"
,Brooklyn High School of the Arts,15K656,DUMBO-Downtown Brooklyn,"2, 3, 4, 5, B, D, N, Q, R to Atlantic Ave Ð Barclays Center; A to Hoyt & Schermerhorn; C to Lafayette Ave; G to Fulton St","B103, B25, B26, B37, B38, B41, B45, B52, B63, B65, B67"
,Brooklyn Institute for Liberal Arts (BILA),17K745,Prospect Lefferts Gardens,"2, 5 to Winthrop St","B12, B17, B43, B44, B44-SBS"
,Brooklyn International High School,13K439,DUMBO-Downtown Brooklyn,"2, 3, 4, 5 to Court St Ð Bourough Hall; A, C to High St; B, Q to DeKalb Ave; F to York St; R to Jay St-MetroTech","B103, B25, B26, B38, B41, B45, B52, B54, B57, B61, B62, B65, B67, B69"
,Brooklyn Lab School,19K639,Cypress Hills,"J, Z to 75th St Ð Elderts Lane","B13, Q56"
,"Brooklyn Latin School, The",14K449,East Williamsburg,"G to Metropolitan Ave-Lorimer St; J, M to Lorimer St; L to Grand St","B24, B43, B46, B48, B60, Q54, Q59"
,Brooklyn Preparatory High School,14K488,Williamsburg,"G to Metropolitan Ave-Lorimer St; J, M, Z to Marcy Ave; L to Bedford Ave","B24, B32, B39, B44, B44-SBS, B46, B48, B60, B62, Q54, Q59"
,Brooklyn School for Music & Theatre,17K548,Crown Heights South,"2, 3, 4, 5 to Franklin Ave; B, Q to Prospect Park; F to Park Place; S to Botanic Garden","B16, B41, B43, B44-SBS, B45, B48, B49, B69"
,Brooklyn Secondary School for Collaborative Studies,15K448,Carroll Gardens-Red Hook,"F, G to Carroll St","B57, B61, X12, X14, X17, X17A, X19, X3, X31, X42, X5, X8, X9"
,Brooklyn Studio Secondary School,21K690,Bensonhurst West,D to 20th Ave,"B1, B4, B6, B64, B8, B82"
,Brooklyn Technical High School,13K430,Fort Greene,"D, N to Atlantic Ave Ð Barclays Center; G to Fulton St; 2, 3, 4, 5 to Nevins St; A to Hoyt & Schermerhorn; B, Q, R to DeKalb Ave; C to Lafayette Ave","B103, B25, B26, B37, B38, B41, B45, B52, B54, B62, B63, B65, B67, B69"
,Brooklyn Theatre Arts High School,18K567,Canarsie,N/A,"B103, B47, B6, B82, BM1, BM2"
,Bushwick Leaders High School for Academic Excellence,32K556,Bushwick,J to Kosciusko St; M to Central Ave; Z to Gates Ave,"B38, B46, B47, B52, B54, B60, Q24"
,Bushwick School for Social Justice,32K549,Bushwick,"L, M to Myrtle Ave-Wyckoff Ave","B13, B20, B26, B38, B52, B54, B60, Q55, Q58"
,Business Of Sports School (BOSS),02M393,Clinton,"1, C, E to 50th St ; 2, B, D to 59th St-Columbus Circle ; A to 42nd St-Port Authority Bus Terminal ; B, D to 7th Ave ; N, Q, R to 49th St","BxM2, M10, M104, M11, M12, M20, M31, M34A-SBS, M42, M50, M57, M7, X1, X12, X14, X17J, X21, X22, X22A, X30, X31, X42, X7, X9"
,Business Technology Early College High School (BTECH),26Q315,Bellerose,N/A,"Q1, Q27, Q43, Q46, Q88, QM6, X68"
,Cambria Heights Academy,29Q326,Jamaica,N/A,"Q1, Q110, Q17, Q2, Q3, Q36, Q43, Q76, Q77, Q83, X64, X68"
,"Celia Cruz Bronx High School of Music, The",10X442,Van Cortlandt Village,"4, B, D to Kingsbridge Rd","Bx1, Bx10, Bx2, Bx22, Bx26, Bx28, Bx3, Bx32, Bx34, Bx38, Bx9, BxM3, BxM4"
,Central Park East High School,04M555,East Harlem South,"2, 3 to Central Park North-110th St ; 6 to 103rd St ; 6 to 110th St","BxM11, BxM2, BxM3, BxM4, M1, M101, M102, M103, M106, M116, M15, M15-SBS, M2, M3, M4, M96, M98"
,Channel View School for Research,27Q262,Breezy Point-Rockaway Park,"A, S to Beach 98th St-Playland","Q22, Q52, Q53, QM16, QM17"
,Chelsea Career and Technical Education High School,02M615,SoHo-Tribeca,"1, 6, A, J, N, Q, R, Z to Canal St ; 4, B, D, F, M to Broadway-Lafayette St ; C, E to Spring St ; N, R to Prince St","BxM18, M20, M21, M5, X1, X10, X10B, X12, X17, X27, X28, X7, X9"
,City College Academy of the Arts,06M293,Washington Heights N.,1 to Dyckman St ; A to 190th St,"Bx7, BxM1, M100, M101, M3, M4, M98"
,"City Polytechnic High School of Engineering, Architecture, and Technology",13K674,DUMBO-Downtown Brooklyn,"2, 3, 4, 5 to Court St Ð Bourough Hall; A, C, F, R to Jay St-MetroTech; B, Q to DeKalb Ave; G to Hoyt & Schermerhorn","B103, B25, B26, B38, B41, B45, B52, B54, B57, B61, B62, B63, B65, B67, B69"
,Civic Leadership Academy,24Q293,Elmhurst,7 to Junction Blvd,"Q29, Q38, Q53, Q58, Q72"
,Clara Barton High School,17K600,Crown Heights South,"2, 3, 4, 5 to Franklin Ave; F to Park Place; S to Botanic Garden","B41, B43, B44-SBS, B45, B48, B49"
,Claremont International HS,09X564,E. Concourse-Concourse Village,"4, B, D to 170th St","Bx1, Bx11, Bx15, Bx18, Bx2, Bx32, Bx35, Bx41, Bx41-SBS, BxM4"
,"Clinton School Writers & Artists, M.S. 260",02M260,Chelsea-Union Sq,"1, 2, 3, F, M to 14th St - 6th Ave; 4, 5, L, Q to 14th St-Union Square; 6, N, R to 23rd St","BM1, BM2, BM3, BM4, BxM10, BxM6, BxM7, BxM8, BxM9, M1, M101, M102, M103, M14A, M14D, M15, M15-SBS, M2, M20, M23, M3, M5, M7, M8, QM21, X1, X10, X10B, X12, X14, X17, X2, X27, X28, X37, X38, X42, X5, X63, X64, X68, X7, X9"
,Coalition School for Social Change,04M409,East Harlem North,"4, 5 to 125th St ; 6 to 116th St","Bx15, BxM10, BxM6, BxM7, BxM8, BxM9, M100, M101, M102, M103, M116, M15, M15-SBS, M35, M60-SBS, M98"
,Cobble Hill School of American Studies,15K519,DUMBO-Downtown Brooklyn,"2, 3 to Hoyt St Ð Fulton Mall; A, C to Hoyt & Schermerhorn; F, G to Bergen St","B103, B37, B41, B45, B57, B61, B62, B63, B65, B67"
,Collegiate Institute for Math and Science (CIMS),11X288,Bronxdale,"2, 5 to Pelham Parkway","Bx12, Bx12-SBS, Bx26, Bx39, Bx8, BxM11"
,Columbia Secondary School,05M362,Morningside Heights,"1, A, B, C, D to 125th St","Bx15, M10, M100, M101, M104, M11, M116, M2, M3, M4, M5, M60-SBS, M7"
,Community Health Academy of the Heights,06M346,Washington Heights S.,"1 to 157th St ; B, C, D to 155th St","Bx6, Bx7, M10, M100, M101, M2, M3, M4, M5"
,Community School for Social Justice,07X427,West Concourse,"2 to 149th St-Grand Concourse ; 3 to 145th St ; 4, 5 to 138th St - Grand Concourse ; 6 to 3rd Ave - 138th St","Bx1, Bx13, Bx15, Bx19, Bx2, Bx21, Bx32, Bx33, M1, M102, M7"
,Comprehensive Model School Project M.S. 327,09X327,West Concourse,"4 to Mt Eden Ave ; B, D to 170th St","Bx1, Bx11, Bx13, Bx18, Bx2, Bx3, Bx32, Bx35, Bx36, BxM4"
,Crotona Academy High School,12X321,Melrose S.-Mott Haven N.,"2, 5 to Freeman St","Bx13, Bx15, Bx17, Bx19, Bx2, Bx21, Bx4, Bx41, Bx41-SBS, Bx46, Bx4A, Bx6"
,Crotona International High School,10X524,Belmont,N/A,"Bx12, Bx12-SBS, Bx15, Bx17, Bx19, Bx22, Bx36, Bx9"
,CSI High School for International Studies,31R047,Todt Hill-Heartland Village,N/A,"S44, S55, S56, S59, S61, S79-SBS, S89, S91, S94, X17, X17A, X17J, X31"
,Cultural Academy for the Arts and Sciences,18K629,East Flatbush,N/A,"B17, B35, B46, B47, B7, B8"
,Curtis High School,31R450,New Brighton-St. George,SIR to St. George,"S40, S42, S44, S46, S48, S51, S52, S61, S62, S66, S74, S76, S78, S81, S84, S86, S90, S91, S92, S94, S96, S98"
,Cypress Hills Collegiate Preparatory School,19K659,Cypress Hills,"J, Z to 75th St Ð Elderts Lane","B13, Q56"
,DeWitt Clinton High School,10X440,Van Cortlandt Village,"4 to Mosholu Parkway ; B, D to Bedford Park Blvd","Bx1, Bx10, Bx16, Bx2, Bx22, Bx26, Bx28, Bx30, Bx34, Bx38, BxM3, BxM4"
,Digital Arts and Cinema Technology High School (Brooklyn School for Global Studies),15K429,DUMBO-Downtown Brooklyn,"A, C to Hoyt & Schermerhorn; F, G to Bergen St","B103, B41, B45, B57, B61, B62, B63, B65, B67"
,Discovery High School,10X549,Van Cortlandt Village,"4, B, D to Kingsbridge Rd","Bx1, Bx10, Bx2, Bx22, Bx26, Bx28, Bx3, Bx32, Bx34, Bx38, Bx9, BxM3, BxM4"
,Dr. Susan S. McKinney Secondary School of the Arts,13K265,Fort Greene,"B, Q, R to DeKalb Ave","B38, B54, B57, B62, B67, B69"
,DreamYard Preparatory School,09X329,E. Concourse-Concourse Village,"4, B, D to 170th St","Bx1, Bx11, Bx15, Bx18, Bx2, Bx32, Bx35, Bx41, Bx41-SBS, BxM4"
,Eagle Academy for Young Men,09X231,Claremont-Bathgate,N/A,"Bx15, Bx17, Bx36, Bx40, Bx41, Bx41-SBS, Bx42"
,Eagle Academy for Young Men II,23K644,Ocean Hill,"A, L, Z to Broadway Junction; C to Rockaway Ave; J to Chauncey St","B12, B20, B25, B45, B47, B60, B65, B7, Q24"
,Eagle Academy for Young Men III,29Q327,St. Albans,N/A,"Q111, Q113, Q114, Q4, Q42, Q5, Q84, Q85, X63"
,Eagle Academy for Young Men of Harlem,05M148,Central Harlem North,"1 to 137th St - City College ; 2, 3, B, C to 135th St ; A, D to 125th St","Bx19, Bx33, M1, M10, M100, M101, M102, M104, M11, M2, M3, M4, M5, M7"
,East Bronx Academy for the Future,12X271,Crotona Park East,"2, 5 to 174th St","Bx11, Bx17, Bx19, Bx21, Bx36, Bx40, Bx42, Bx9"
,East New York Family Academy,19K409,East New York,3 to Van Siclen Ave,"B15, B20, B6, B83, B84, BM5"
,East Side Community School,01M450,East Village,6 to Astor Place ; L to 1st Ave,"M1, M101, M102, M103, M14A, M14D, M15, M15-SBS, M2, M23, M3, M8, M9"
,East-West School of International Studies,25Q281,Flushing,N/A,"Q17, Q20A, Q20B, Q25, Q27, Q34, Q44-SBS, Q65"
,EBC High School for Public Service - Bushwick,32K545,Bushwick,J to Kosciusko St; M to Central Ave; Z to Myrtle Ave,"B15, B38, B46, B47, B52, B54, B60, Q24"
,Edward R. Murrow High School,21K525,Midwood,Q to Ave M,"B11, B49, B6, B68, B9, BM1, BM3, BM4"
,El Puente Academy for Peace and Justice,14K685,Williamsburg,"G to Broadway; J, M to Hewes St; Z to Marcy Ave","B24, B32, B39, B44, B44-SBS, B46, B48, B57, B60, B62, Q54, Q59"
,Eleanor Roosevelt High School,02M416,Lenox Hill,6 to 77th St,"BxM1, M101, M102, M103, M15, M15-SBS, M31, M66, M72, M79, M86-SBS, M98, Q102"
,Energy Tech High School,30Q258,Queensbridge-LIC,"E to Queens Plaza ; F to 21st St - Queensbridge ; M, R to 36th St ; N, Q to 36 Ave-Washington Ave","Q100, Q101, Q102, Q103, Q104, Q66, Q69"
,Epic High School - North,27Q334,Richmond Hill,A to Ozone Park - Lefferts Blvd ; J to 111th St,"Q10, Q112, Q24, Q37, Q41, Q56, Q8, QM18"
,Epic High School - South,27Q314,South Ozone Park,N/A,"Q10, Q37, Q7, Q9, QM18"
,Esperanza Preparatory Academy,04M372,East Harlem South,6 to 110th St,"M1, M101, M102, M103, M106, M116, M15, M15-SBS, M2, M3, M4, M96, M98"
,Essex Street Academy,02M294,Chinatown,"B, D to Grand St ; F, J, M, Z to Delancey St-Essex St","B39, M103, M14A, M14D, M15, M15-SBS, M21, M22, M9"
,Excelsior Preparatory High School,29Q265,Springfield Gardens North,N/A,"Q3, Q77, Q85"
,Eximius College Preparatory Academy: A College Board School,09X250,Claremont-Bathgate,N/A,"Bx11, Bx15, Bx17, Bx21, Bx35, Bx41, Bx41-SBS"
,Expeditionary Learning School for Community Leaders,21K572,Gravesend,D to 25th Ave; N to Ave U; N to Gravesend  Ð  86th St,"B1, B3, B4, B6, B64, B82, X28, X38"
,Explorations Academy,12X251,Crotona Park East,"2, 5 to 174th St","Bx11, Bx17, Bx19, Bx21, Bx36"
,"Facing History School, The",02M303,Clinton,"C, E to 50th St","M104, M11, M12, M20, M31, M34A-SBS, M42, M50, M57, X12, X14, X30, X42"
,Fannie Lou Hamer Freedom High School,12X682,Crotona Park East,"2, 5 to Freeman St ; 6 to Whitlock Ave","Bx11, Bx19, Bx21, Bx27, Bx35, Bx36, Bx4, Bx4A"
,FDNY Ð Captain Vernon A. Richards High School for Fire and Life Safety,19K502,East New York,3 to Pennsylvania Ave; C to Van Siclen Ave; L to Livonia Ave,"B14, B15, B20, B83"
,"Felisa Rincon de Gautier Institute for Law and Public Policy, The",08X519,Castle Hill-Clason Point,6 to Whitlock Ave,"Bx5, Bx6"
,Fiorello H. LaGuardia High School of Music & Art and Performing Arts,03M485,Lincoln Square,"1 to 66th St - Lincoln Center ; 2, A, B, C, D to 59th St-Columbus Circle ; 3 to 72nd St","BxM2, M10, M104, M11, M12, M20, M31, M5, M57, M66, M7, M72, X12, X14, X30, X42"
,Flushing High School,25Q460,Flushing,7 to Flushing - Main St,"Q12, Q13, Q15, Q15A, Q16, Q17, Q19, Q20A, Q20B, Q25, Q26, Q27, Q28, Q34, Q44-SBS, Q48, Q50, Q65, Q66, QM2, QM20, QM3"
,Flushing International High School,25Q263,Murray Hill,7 to Flushing - Main St,"Q12, Q13, Q15, Q15A, Q16, Q17, Q25, Q26, Q27, Q28, Q34, Q65, QM3"
,Food and Finance High School,02M288,Clinton,"C, E to 50th St","M104, M11, M12, M20, M31, M34A-SBS, M42, M50, M57, X12, X14, X30, X42"
,Fordham High School for the Arts,10X437,Belmont,"B, D to Fordham Rd","Bx1, Bx12, Bx12-SBS, Bx15, Bx17, Bx19, Bx2, Bx22, Bx28, Bx34, Bx38, Bx41, Bx41-SBS, Bx9, BxM4"
,Fordham Leadership Academy for Business and Technology,10X438,Belmont,"B, D to Fordham Rd","Bx1, Bx12, Bx12-SBS, Bx15, Bx17, Bx19, Bx2, Bx22, Bx28, Bx34, Bx38, Bx41, Bx41-SBS, Bx9, BxM4"
,Forest Hills High School,28Q440,Forest Hills,"M, R to 67th Ave","Q23, Q38, Q60, Q64, QM10, QM11, QM12, QM18, QM4"
,Fort Hamilton High School,20K490,Bay Ridge,N/A,"B16, B37, B4, B63, X27, X37"
,Francis Lewis High School,26Q430,Auburndale,N/A,"Q17, Q30, Q31, Q88, QM1, QM5, QM7, QM8"
,Frank McCourt High School,03M417,Upper West Side,"1, B, C to 86th St ; 2, 3 to 96th St","BxM2, M10, M104, M11, M5, M7, M79, M86-SBS"
,Frank Sinatra School of the Arts High School,30Q501,Astoria,"M, R to Steinway St ; N, Q to 36 Ave-Washington Ave","Q101, Q102, Q104, Q66"
,Franklin Delano Roosevelt High School,20K505,Borough Park,F to Bay Parkway-22nd Ave; N to 20th Ave,"B11, B6, B8, B9"
,Frederick Douglass Academy,05M499,Central Harlem North,"3 to Harlem - 148 St ; A, B, C, D to 145th St","Bx13, Bx19, Bx6, M1, M10, M102, M2, M3, M7"
,Frederick Douglass Academy II Secondary School,03M860,Central Harlem South,"2, 3, B, C to 116th St","M1, M10, M102, M11, M116, M2, M3, M4, M7"
,Frederick Douglass Academy III Secondary School,09X517,Claremont-Bathgate,N/A,"Bx11, Bx15, Bx17, Bx21, Bx32, Bx35, Bx41, Bx41-SBS"
,Frederick Douglass Academy IV Secondary School,16K393,Bedford-Stuyvesant,"J to Kosciusko St; M, Z to Myrtle Ave","B15, B38, B46, B47, B52, B54, Q24"
,Frederick Douglass Academy VI High School,27Q260,Far Rockaway-Bayswater,A to Beach 25th St-Wavecrest,"Q114, Q22, QM17"
,Frederick Douglass Academy VII High School,23K514,Brownsville,3 to Rockaway Ave,"B12, B14, B15, B60, B7"
,Gaynor McCown Expeditionary Learning School,31R064,Todt Hill-Heartland Village,N/A,"S44, S55, S56, S59, S61, S79-SBS, S89, S91, S94, X17, X17A, X17J, X31"
,George Washington Carver High School for the Sciences,29Q272,Springfield Gardens North,N/A,"Q3, Q77, Q85"
,George Westinghouse Career and Technical Education High School,13K605,DUMBO-Downtown Brooklyn,"2, 3, 4, 5 to Court St Ð Bourough Hall; A, C, F, R to Jay St-MetroTech; B, Q to DeKalb Ave; G to Hoyt & Schermerhorn","B103, B25, B26, B38, B41, B45, B52, B54, B57, B61, B62, B63, B65, B67, B69"
,Gotham Professional Arts Academy,16K594,Bedford-Stuyvesant,A to Utica Ave; C to Ralph Ave; J to Halsey St,"B15, B25, B26, B45, B46, B47, B65, B7"
,Gramercy Arts High School,02M374,Gramercy,"1, 2, 3, F, M to 14th St - 6th Ave ; 4, 5, 6, L, N, Q, R to 14th St-Union Square ; L to 3rd Ave","BM1, BM2, BM3, BM4, BxM10, BxM6, BxM7, BxM8, BxM9, M1, M101, M102, M103, M14A, M14D, M15, M15-SBS, M2, M23, M3, M34A-SBS, M5, M7, M8, M9, QM21, X1, X10, X10B, X12, X14, X17, X2, X27, X28, X37, X38, X42, X5, X63, X64, X68, X7, X9"
,Green School: An Academy for Environmental Careers,14K454,East Williamsburg,"G to Metropolitan Ave-Lorimer St; J, M to Lorimer St; L to Grand St","B24, B43, B46, B48, B60, Q54, Q59"
,Greenpoint Art and Technical High School (Frances Perkins Academy),14K632,Williamsburg,G to Nassau Ave; L to Bedford Ave,"B32, B43, B48, B62"
,Gregorio Luperon High School for Science and Mathematics,06M552,Washington Heights S.,"1, A, C to 168th St - Washington Hts","Bx6, Bx7, M100, M101, M2, M3, M4, M5"
,Grover Cleveland High School,24Q485,Ridgewood,N/A,"B13, B38, B57, Q38, Q39, Q54, Q58, Q67, QM24, QM25"
,Harry S Truman High School,11X455,Co-op City,5 to Baychester Ave,"Bx12, Bx12-SBS, Bx23, Bx26, Bx28, Bx29, Bx30, Bx38, Bx5, BxM7, Q50"
,Harvest Collegiate High School,02M534,West Village,"1, 2, 3, F, L, M to 14th St - 6th Ave ; 4, 5, 6, N, Q, R to 14th St-Union Square ; A, B, C, D, E to West 4th St","BxM10, BxM6, BxM7, BxM8, BxM9, M1, M101, M102, M103, M12, M14A, M14D, M2, M20, M23, M3, M5, M7, M8, X1, X10, X10B, X12, X14, X17, X27, X28, X37, X38, X42, X63, X64, X68, X7, X9"
,Health Opportunities High School,07X670,West Concourse,"2 to 149th St-Grand Concourse ; 3 to 145th St ; 4, 5 to 138th St - Grand Concourse ; 6 to 3rd Ave - 138th St","Bx1, Bx13, Bx15, Bx19, Bx2, Bx21, Bx32, Bx33, M1, M102, M7"
,Herbert H. Lehman High School,08X405,Schuylerville-Throgs Neck,6 to Westchester Sq - East Tremont Ave,"Bx21, Bx24, Bx31, Bx4, Bx40, Bx42, Bx4A, Bx8"
,"Heritage School, The",04M680,East Harlem South,6 to 103rd St,"BxM1, BxM11, BxM2, BxM3, BxM4, M1, M101, M102, M103, M106, M15, M15-SBS, M2, M3, M4, M96, M98"
,"HERO High (Health, Education, and Research Occupations High School)",07X259,Mott Haven-Port Morris,"2, 5 to Jackson Ave ; 6 to East 143rd St-St Mary's St","Bx17, Bx19, Bx33, Bx4, Bx4A"
,High School for Arts and Business,24Q550,Corona,N/A,"Q23, Q38, Q58, Q88, QM10, QM11, QM12"
,High School for Civil Rights,19K504,East New York,3 to Pennsylvania Ave; C to Van Siclen Ave; L to Livonia Ave,"B14, B15, B20, B83"
,High School for Community Leadership,28Q328,Briarwood-Jamaica Hills,F to 169th St,"Q1, Q17, Q2, Q25, Q3, Q30, Q31, Q34, Q36, Q43, Q6, Q65, Q76, Q77, Q8, X68"
,"High School for Construction Trades, Engineering and Architecture",27Q650,Richmond Hill,"J, Z to 104th St-102nd St","Q11, Q21, Q24, Q37, Q52, Q53, Q56, Q8, QM15"
,High School for Contemporary Arts,11X544,Williamsbridge-Olinville,"2, 5 to Gun Hill Rd","Bx28, Bx30, Bx38, Bx39, Bx41, Bx41-SBS, Bx8, BxM11"
,High School for Dual Language and Asian Studies,02M545,Chinatown,"B, D to Grand St ; F, J, M, Z to Delancey St-Essex St","B39, M103, M14A, M14D, M15, M15-SBS, M21, M22, M9"
,High School for Energy and Technology,10X565,Belmont,N/A,"Bx12, Bx12-SBS, Bx15, Bx17, Bx19, Bx22, Bx36, Bx9"
,High School for Environmental Studies,02M400,Clinton,"1, 2, A, B, C, D to 59th St-Columbus Circle ; E to 50th St ; N, Q, R to 57th St","BxM2, M10, M104, M11, M12, M20, M31, M5, M50, M57, M66, M7, X1, X12, X14, X30, X42, X7, X9"
,High School for Excellence and Innovation,06M423,Inwood,1 to Dyckman St ; A to Dyckman St-200th St,"Bx12, Bx12-SBS, Bx20, Bx7, BxM1, M100, M3, M4"
,High School for Health Careers and Sciences,06M468,Washington Heights N.,1 to 191st St ; A to 190th St,"Bx18, Bx40, Bx42, Bx7, M100, M101, M3, M4, M98"
,High School for Health Professions and Human Services,02M420,Gramercy,"4, 5, 6, N, Q, R to 14th St-Union Square ; L to 1st Ave","BM1, BM2, BM3, BM4, M1, M101, M102, M103, M14A, M14D, M15, M15-SBS, M2, M23, M3, M34A-SBS, M8, M9, X1, X10, X10B, X12, X14, X17, X2, X27, X28, X37, X38, X42, X5, X63, X64, X68, X7, X9"
,High School for Innovation in Advertising and Media,18K617,Canarsie,L to Canarsie Ð Rockaway Pkwy,"B103, B17, B42, B6, B60, B82, BM2"
,High School for Law and Public Service,06M467,Washington Heights N.,1 to 191st St ; A to 190th St,"Bx18, Bx40, Bx42, Bx7, M100, M101, M3, M4, M98"
,High School for Law Enforcement and Public Safety,28Q690,Baisley Park,N/A,"Q111, Q113, Q114, Q4, Q5, Q6, Q84, Q85, QM21, X63"
,"High School for Law, Advocacy and Community Justice",03M492,Lincoln Square,"1 to 66th St - Lincoln Center ; 2, 3 to 72nd St ; A, B, C, D to 59th St-Columbus Circle","BxM2, M10, M104, M11, M12, M20, M31, M5, M57, M66, M7, M72, X12, X14, X30, X42"
,"High School for Mathematics, Science and Engineering at City College (HSMSE)",05M692,Manhattanville,"1 to 137th St - City College ; A, D to 145th St ; B, C to 135th St","Bx19, Bx33, M10, M100, M101, M11, M2, M3, M4, M5"
,High School for Media and Communications,06M463,Washington Heights N.,1 to 191st St ; A to 190th St,"Bx18, Bx40, Bx42, Bx7, M100, M101, M3, M4, M98"
,High School for Medical Professions,18K633,Canarsie,L to Canarsie Ð Rockaway Pkwy,"B103, B17, B42, B6, B60, B82, BM2"
,High School for Public Service: Heroes of Tomorrow,17K546,Prospect Lefferts Gardens,"2, 5 to Winthrop St","B12, B17, B43, B44, B44-SBS"
,High School for Service & Learning at Erasmus,17K539,Flatbush,"2, 5, B, Q to Church Ave","B103, B12, B16, B35, B41, B44, B44-SBS, B49, BM1, BM2, BM3, BM4"
,High School for Teaching and the Professions,10X433,Van Cortlandt Village,"4, B, D to Kingsbridge Rd","Bx1, Bx10, Bx2, Bx22, Bx26, Bx28, Bx3, Bx32, Bx34, Bx38, Bx9, BxM3, BxM4"
,High School for Violin and Dance,09X543,Morrisania-Melrose,"2, 5 to Intervale Ave","Bx13, Bx15, Bx17, Bx21, Bx35, Bx4, Bx41, Bx41-SBS, Bx4A, Bx6"
,High School for Youth and Community Development at Erasmus,17K537,Flatbush,"2, 5, B, Q to Church Ave","B103, B12, B16, B35, B41, B44, B44-SBS, B49, BM1, BM2, BM3, BM4"
,High School of American Studies at Lehman College,10X696,Van Cortlandt Village,"4 to Bedford Park Blvd - Lehman College ; B, D to Bedford Park Blvd","Bx1, Bx10, Bx2, Bx22, Bx26, Bx28, Bx3, Bx32, Bx34, Bx38, BxM3, BxM4"
,High School of Applied Communication,24Q267,Hunters Point-Sunnyside,"7 to 33rd St ; E, M, R to Queens Plaza ; G to Court Sq - 23rd St ; N, Q to Queensboro Plaza","B62, Q100, Q101, Q102, Q32, Q39, Q60, Q66, Q67, Q69"
,High School of Arts and Technology,03M494,Lincoln Square,"1 to 66th St - Lincoln Center ; 2, 3 to 72nd St ; A, B, C, D to 59th St-Columbus Circle","BxM2, M10, M104, M11, M12, M20, M31, M5, M57, M66, M7, M72, X12, X14, X30, X42"
,High School of Computers and Technology,11X275,Williamsbridge-Olinville,"2, 5 to Gun Hill Rd","Bx28, Bx30, Bx38, Bx39, Bx41, Bx41-SBS, Bx8, BxM11"
,High School of Economics and Finance,02M489,Lower Manhattan,"1 to Rector St ; 2, 3, A, C to Fulton St-Broadway-Nassau ; 4, 5 to Wall St ; 6 to Brooklyn Bridge - City Hall ; E to World Trade Center ; J, Z to Broad St ; N to South Ferry ; R to Cortlandt St","BM1, BM2, BM3, BM4, BxM18, M103, M15, M15-SBS, M20, M22, M5, M9, QM11, QM25, QM7, QM8, X1, X10, X10B, X11, X12, X14, X15, X17, X17A, X19, X2, X27, X28, X3, X37, X38, X4, X42, X5, X7, X8, X9"
,High School of Hospitality Management,02M296,Clinton,"C, E to 50th St","M104, M11, M12, M20, M31, M34A-SBS, M42, M50, M57, X12, X14, X30, X42"
,High School of Language and Innovation,11X509,Bronxdale,"2, 5 to Pelham Parkway","Bx12, Bx12-SBS, Bx26, Bx39, Bx8, BxM11"
,High School of Sports Management,21K348,Gravesend,D to 25th Ave; N to Ave U; N to Gravesend  Ð  86th St,"B1, B3, B4, B6, B64, B82, X28, X38"
,High School of Telecommunication Arts and Technology,20K485,Bay Ridge,N to 59th St; R to Bay Ridge Ave,"B37, B4, B63, B64, B9, X1, X10, X10B, X11, X12, X14, X15, X17, X17A, X19, X2, X27, X28, X3, X31, X37, X38, X4, X42, X5, X7, X8, X9"
,High School of World Cultures,12X550,West Farms-Bronx River,6 to Elder Ave,"Bx11, Bx27, Bx36, Bx4, Bx4A"
,Hillcrest High School,28Q505,Briarwood-Jamaica Hills,"E, J, Z to Jamaica Center - Parsons / Archer ; F to Parsons Blvd","Q1, Q110, Q111, Q112, Q113, Q114, Q17, Q2, Q20A, Q20B, Q24, Q25, Q3, Q30, Q31, Q34, Q36, Q4, Q40, Q41, Q42, Q43, Q44-SBS, Q5, Q54, Q56, Q6, Q65, Q76, Q77, Q8, Q83, Q84, Q9, X68"
,Hillside Arts & Letters Academy,28Q325,Briarwood-Jamaica Hills,F to 169th St,"Q1, Q17, Q2, Q25, Q3, Q30, Q31, Q34, Q36, Q43, Q6, Q65, Q76, Q77, Q8, X68"
,Holcombe L. Rucker School of Community Research,08X332,Longwood,"2, 5 to Prospect Ave ; 6 to Longwood Ave","Bx17, Bx19, Bx4, Bx46, Bx4A, Bx5, Bx6"
,Hostos-Lincoln Academy of Science,07X500,Melrose S.-Mott Haven N.,"2, 5 to Jackson Ave ; 6 to East 149th St","Bx15, Bx17, Bx19, Bx2, Bx21, Bx4, Bx41, Bx41-SBS, Bx4A"
,Hudson High School of Learning Technologies,02M437,Chelsea-Union Sq,"1 to 18th St ; 2, 3, F, M to 14th St ; A, C, E, L to 14th St-8th Ave","M11, M12, M14A, M14D, M20, M23, M5, M7, X27, X28"
,Humanities & Arts Magnet High School,29Q498,Cambria Heights,N/A,"Q27, Q4, Q77, Q83, Q84, X64"
,Humanities Preparatory Academy,02M605,Chelsea-Union Sq,"1 to 18th St ; 2, 3, F, M to 14th St ; A, C, E, L to 14th St-8th Ave","M11, M12, M14A, M14D, M20, M23, M5, M7, X27, X28"
,Independence High School,02M544,Clinton,"1, 2, 3, A, C, D to 59th Street-Columbus Circle; N, Q, R to 57th Street","BxM2, M10, M104, M11, M12, M20, M31, M5, M50, M57, M66, M7, X1, X12, X14, X30, X42, X7, X9"
,Information Technology High School,30Q502,Hunters Point-Sunnyside,"7, E, G, M to Court Sq - 23rd St ; F to 21st St - Queensbridge ; N, Q to Queensboro Plaza ; R to Queens Plaza","B32, B62, Q100, Q101, Q102, Q103, Q32, Q39, Q60, Q66, Q67, Q69"
,Institute for Collaborative Education (ICE),02M407,Gramercy,"4, 5, 6, N, Q, R to 14th St-Union Square ; L to 1st Ave","BM1, BM2, BM3, BM4, M1, M101, M102, M103, M14A, M14D, M15, M15-SBS, M2, M23, M3, M34A-SBS, M8, M9, X1, X10, X10B, X12, X14, X17, X2, X27, X28, X37, X38, X42, X5, X63, X64, X68, X7, X9"
,Institute for Health Professions at Cambria Heights,29Q243,Cambria Heights,N/A,"Q27, Q4, Q77, Q83, Q84, X64"
,In-Tech Academy (M.S. / High School 368),10X368,Spuyten Duyvil-Kingsbridge,1 to Marble Hill - 225th St,"Bx1, Bx10, Bx2, Bx20, Bx7, Bx9, BxM1, BxM18, BxM2, M100"
,International Community High School,07X334,Mott Haven-Port Morris,"2, 5 to 3rd Ave-149th St ; 6 to Brook Ave","Bx1, Bx15, Bx17, Bx19, Bx2, Bx21, Bx32, Bx33, Bx4, Bx41, Bx41-SBS, Bx4A"
,International High School at Lafayette,21K337,Gravesend,D to 25th Ave; N to Ave U; N to Gravesend  Ð  86th St,"B1, B3, B4, B6, B64, B82, X28, X38"
,International High School at LaGuardia Community College,24Q530,Hunters Point-Sunnyside,"7 to 33rd St ; E, M, R to Queens Plaza","B24, B62, Q100, Q101, Q102, Q32, Q39, Q60, Q67"
,International High School at Prospect Heights,17K524,Crown Heights South,"2, 3, 4, 5 to Franklin Ave; B, Q to Prospect Park; F to Park Place; S to Botanic Garden","B16, B41, B43, B44-SBS, B45, B48, B49, B69"
,International High School at Union Square,02M438,Gramercy,"1, 2, 3, F, M to 14th St - 6th Ave ; 4, 5, 6, L, N, Q, R to 14th St-Union Square ; L to 3rd Ave","BM1, BM2, BM3, BM4, BxM10, BxM6, BxM7, BxM8, BxM9, M1, M101, M102, M103, M14A, M14D, M15, M15-SBS, M2, M23, M3, M34A-SBS, M5, M7, M8, M9, QM21, X1, X10, X10B, X12, X14, X17, X2, X27, X28, X37, X38, X42, X5, X63, X64, X68, X7, X9"
,International High School for Health Sciences,24Q236,Elmhurst,"M, R to Grand Ave - Newtown","Q29, Q38, Q53, Q58, Q59, Q60, Q72, Q88, QM10, QM11"
,International School for Liberal Arts,10X342,Van Cortlandt Village,"4, B, D to Kingsbridge Rd","Bx1, Bx10, Bx2, Bx22, Bx26, Bx28, Bx3, Bx32, Bx34, Bx38, Bx9, BxM3, BxM4"
,Inwood Early College for Health and Information Technologies,06M211,Inwood,1 to Dyckman St ; A to Dyckman St-200th St,"Bx12, Bx12-SBS, Bx20, Bx7, BxM1, M100, M3, M4"
,It Takes a Village Academy,18K563,East Flatbush,N/A,"B17, B35, B46, B47, B7, B8"
,Jacqueline Kennedy Onassis High School,02M529,Midtown,"1, 2, 3, A, C, E, S to Times Square-42nd St ; 4, 5, 6 to Grand Central - 42nd St ; 7 to 42nd St-Bryant Park ; B, D, F, M to 47-50th Sts Rockefeller Center ; N, Q, R to 49th St","BM1, BM2, BM3, BM4, BM5, BxM10, BxM11, BxM18, BxM2, BxM3, BxM4, BxM6, BxM7, BxM8, BxM9, M1, M104, M11, M2, M20, M3, M34A-SBS, M4, M42, M5, M50, M7, Q32, QM1, QM10, QM12, QM15, QM16, QM17, QM18, QM2, QM20, QM21, QM24, QM3, QM4, QM5, QM6, X1, X10, X10B, X12, X14, X17, X17J, X2, X21, X22, X22A, X27, X28, X30, X31, X37, X38, X42, X5, X63, X64, X68, X7, X9"
,Jamaica Gateway to the Sciences,28Q350,Briarwood-Jamaica Hills,F to 169th St,"Q1, Q17, Q2, Q25, Q3, Q30, Q31, Q34, Q36, Q43, Q6, Q65, Q76, Q77, Q8, X68"
,James Madison High School,22K425,Madison,N/A,"B100, B2, B31, B41, B44, B44-SBS, B49, B7, B82, BM3, BM4"
,John Adams High School,27Q480,South Ozone Park,A to 104th St-Oxford Ave,"Q11, Q112, Q21, Q37, Q41, Q52, Q53, Q7, QM15"
,John Bowne High School,25Q425,Kew Gardens Hills,N/A,"Q17, Q20A, Q20B, Q25, Q34, Q44-SBS, Q88"
,John Dewey High School,21K540,Gravesend,D to Bay 50th St; F to Ave X; N to Gravesend  Ð  86th St,"B1, B4, B64, B82, X28, X38"
,John Jay School for Law (Secondary School for Law),15K462,Park Slope-Gowanus,"F, G to 7th Ave; R to 4th Ave Ð 9th St","B103, B61, B63, B67, B69"
,Juan Morel Campos Secondary School,14K071,Williamsburg,"G to Broadway; J, M to Hewes St; Z to Marcy Ave","B24, B32, B39, B43, B44, B44-SBS, B46, B48, B57, B60, B62, Q54, Q59"
,Khalil Gibran International Academy,15K592,DUMBO-Downtown Brooklyn,"2, 3, 4, 5 to Nevins St; A to Hoyt & Schermerhorn; B, D, N, Q, R to Atlantic Ave Ð Barclays Center; C to Lafayette Ave; F to Jay St-MetroTech; G to Fulton St","B103, B25, B26, B37, B38, B41, B45, B52, B54, B63, B65, B67"
,Kingsborough Early College School,21K468,Gravesend,D to 25th Ave; N to Ave U; N to Gravesend Ð 86th St,"B1, B3, B4, B6, B64, B82, X28, X38"
,Kingsbridge International High School,10X268,Van Cortlandt Village,"4, B, D to Kingsbridge Rd","Bx1, Bx10, Bx2, Bx22, Bx26, Bx28, Bx3, Bx32, Bx34, Bx38, Bx9, BxM3, BxM4"
,Knowledge and Power Preparatory Academy International High School (KAPPA),10X374,Belmont,"B, D to Fordham Rd","Bx1, Bx12, Bx12-SBS, Bx15, Bx17, Bx19, Bx2, Bx22, Bx28, Bx34, Bx38, Bx41, Bx41-SBS, Bx9, BxM4"
,Kurt Hahn Expeditionary Learning School,18K569,East Flatbush,N/A,"B17, B35, B46, B47, B7, B8"
,Landmark High School,02M419,Chelsea-Union Sq,"1 to 18th St ; 2, 3, F, M to 14th St ; A, C, E, L to 14th St-8th Ave","M11, M12, M14A, M14D, M20, M23, M5, M7, X27, X28"
,Leadership and Public Service High School,02M425,Lower Manhattan,"1, R to Rector St ; 2, 3, A, C to Fulton St-Broadway-Nassau ; 4, 5 to Wall St ; 6 to Brooklyn Bridge - City Hall ; E to World Trade Center ; J, Z to Broad St ; N to South Ferry","BM1, BM2, BM3, BM4, BxM18, M103, M15, M15-SBS, M20, M22, M5, M9, QM11, QM25, QM7, QM8, X1, X10, X10B, X11, X12, X14, X15, X17, X17A, X19, X2, X27, X28, X3, X37, X38, X4, X42, X5, X7, X8, X9"
,Leadership Institute,09X276,Claremont-Bathgate,N/A,"Bx11, Bx15, Bx17, Bx21, Bx36, Bx40, Bx41, Bx41-SBS, Bx42"
,Leon M. Goldstein High School for the Sciences,22K535,Manhattan Beach,N/A,"B1, B4, B44, B44-SBS, B49, BM3"
,Liberation Diploma Plus High School,21K728,Seagate-Coney Island,"D, F, N, Q to Coney Island  Ð  S llwell Avenue","B36, B64, B68, B74, B82, X28, X38"
,Life Academy High School for Film and Music,21K559,Gravesend,D to 25th Ave; N to Ave U; N to Gravesend  Ð  86th St,"B1, B3, B4, B6, B64, B82, X28, X38"
,Life Sciences Secondary School,02M655,Yorkville,6 to 96th St,"BxM1, BxM10, BxM6, BxM7, BxM8, BxM9, M101, M102, M103, M106, M15, M15-SBS, M31, M86-SBS, M96, M98"
,Long Island City High School,30Q450,Astoria,"N, Q to Broadway","Q100, Q102, Q103, Q104, Q18, Q19, Q66, Q69"
,Lower Manhattan Arts Academy,02M308,Chinatown,"B, D to Grand St ; F, J, M, Z to Delancey St-Essex St","B39, M103, M14A, M14D, M15, M15-SBS, M21, M22, M9"
,Lyons Community School,14K586,East Williamsburg,"G to Metropolitan Ave-Lorimer St; J, M to Lorimer St; L to Grand St","B24, B43, B46, B48, B60, Q54, Q59"
,M.S. 223 The Laboratory School of Finance and Technology,07X223,Mott Haven-Port Morris,"2, 5 to 3rd Ave-149th St ; 4 to 138th St - Grand Concourse ; 6 to 3rd Ave - 138th St","Bx1, Bx15, Bx17, Bx19, Bx2, Bx21, Bx32, Bx33, Bx4, Bx41, Bx41-SBS, Bx4A"
,Manhattan / Hunter Science High School,03M541,Lincoln Square,"1 to 66th St - Lincoln Center ; 2, 3 to 72nd St ; A, B, C, D to 59th St-Columbus Circle","BxM2, M10, M104, M11, M12, M20, M31, M5, M57, M66, M7, M72, X12, X14, X30, X42"
,Manhattan Academy for Arts & Language,02M427,Murray Hill-Kips Bay,"4, 5, 7, S to Grand Central - 42nd St ; 6 to 33rd St ; B, D, F, M, N, Q, R to 34th St-Herald Square","BM1, BM2, BM3, BM4, BM5, BxM1, BxM10, BxM11, BxM18, BxM2, BxM3, BxM4, BxM6, BxM7, BxM8, BxM9, M1, M101, M102, M103, M15, M15-SBS, M2, M3, M34A-SBS, M34-SBS, M4, M42, M5, M7, M9, Q32, QM1, QM10, QM12, QM15, QM16, QM17, QM18, QM2, QM20, QM21, QM24, QM3, QM4, QM5, QM6, X1, X10, X10B, X12, X14, X17, X17J, X2, X21, X22, X22A, X27, X28, X30, X31, X37, X38, X42, X5, X63, X64, X68, X7, X9"
,Manhattan Bridges High School,02M542,Clinton,"C, E to 50th St","M104, M11, M12, M20, M31, M34A-SBS, M42, M50, M57, X12, X14, X30, X42"
,Manhattan Business Academy,02M392,Chelsea-Union Sq,"1 to 18th St ; 2, 3, F, M to 14th St ; A, C, E, L to 14th St-8th Ave","M11, M12, M14A, M14D, M20, M23, M5, M7, X27, X28"
,Manhattan Center for Science and Mathematics,04M435,East Harlem North,N/A,"BxM10, BxM6, BxM7, BxM8, BxM9, M101, M102, M103, M106, M116, M15, M15-SBS, M35, M98"
,Manhattan Early College School for Advertising,02M280,Chinatown,"1 to Chambers St ; 2, 3, A, C to Fulton St-Broadway-Nassau ; 4, 5, 6, J, Z to Brooklyn Bridge - City Hall ; E to Park Place ; N, Q to Canal St ; R to City Hall","BM1, BM2, BM3, BM4, BxM18, M103, M15, M15-SBS, M22, M5, M9, QM11, QM25, QM7, QM8, X1, X10, X10B, X11, X12, X14, X15, X17, X17A, X19, X2, X27, X28, X3, X4, X42, X5, X8"
,Manhattan International High School,02M459,Lenox Hill,"4, 5, N, Q, R to Lexington Ave-59 St ; 6 to 68th St - Hunter College ; F to Lexington Ave-63 St","BxM1, BxM10, BxM11, BxM3, BxM4, BxM6, BxM7, BxM8, BxM9, M1, M101, M102, M103, M15, M15-SBS, M2, M3, M31, M4, M57, M66, M72, M98, Q101, Q32, Q60, QM2, QM20, QM3"
,Manhattan Village Academy,02M439,Chelsea-Union Sq,"1, 6, C, E, F, M, N, R to 23rd St ; 2, 3, L to 14th St - 6th Ave ; 4, 5, Q to 14th St-Union Square ; A to 14th St-8th Ave ; B, D to 34th St-Herald Square","BM1, BM2, BM3, BM4, BxM10, BxM11, BxM18, BxM3, BxM4, BxM6, BxM7, BxM8, BxM9, M1, M101, M102, M103, M14A, M14D, M2, M20, M23, M3, M4, M5, M7, Q32, QM21, X1, X10, X10B, X12, X14, X17, X2, X27, X28, X37, X38, X42, X5, X63, X64, X68, X7, X9"
,Marble Hill High School for International Studies,10X477,Spuyten Duyvil-Kingsbridge,1 to Marble Hill - 225th St,"Bx1, Bx10, Bx2, Bx20, Bx7, Bx9, BxM1, BxM18, BxM2, M100"
,Marta Valle High School,01M509,Chinatown,"B, D to Grand St ; F, J, M, Z to Delancey St-Essex St","B39, M103, M14A, M14D, M15, M15-SBS, M21, M22, M8, M9"
,Martin Van Buren High School,26Q435,Bellerose,N/A,"Q1, Q27, Q43, Q46, Q88, QM6, X68"
,Maspeth High School,24Q585,Maspeth,N/A,"Q18, Q38, Q47, Q58, Q59, Q67, QM24, QM25"
,"Mathematics, Science Research and Technology Magnet High School",29Q492,Cambria Heights,N/A,"Q27, Q4, Q77, Q83, Q84, X64"
,Medgar Evers College Preparatory School,17K590,Crown Heights South,"2, 5 to President St; 3 to Nostrand Ave; 4, S to Franklin Ave","B43, B44, B44-SBS, B45, B48, B49"
,Metropolitan Diploma Plus High School,23K647,Brownsville,L to New Lots Avenue followed by B15; 3 to Rockaway Avenue followed by B60,"B15, B35, B60, B8"
,Metropolitan Expeditionary Learning School,28Q167,Forest Hills,N/A,"BM5, Q11, Q21, Q23, Q52, Q53, Q54, Q55, QM12, QM15"
,"Metropolitan High School, The",12X248,Longwood,"2, 5 to Simpson St","Bx11, Bx17, Bx19, Bx21, Bx27, Bx35, Bx4, Bx4A, Bx5, Bx6"
,Middle College High School at LaGuardia Community College,24Q520,Hunters Point-Sunnyside,"7 to 33rd St ; E, M, R to Queens Plaza","B24, B62, Q100, Q101, Q102, Q32, Q39, Q60, Q67"
,Midwood High School,22K405,Flatbush,"2, 5 to Flatbush Ave  Ð  Brooklyn College","B103, B11, B41, B44, B44-SBS, B49, B6, B8, BM1, BM2, BM3, BM4, Q35"
,Millennium Art Academy,08X312,Castle Hill-Clason Point,N/A,"Bx22, Bx27, Bx36, Bx39, Bx5, BxM8"
,Millennium Brooklyn HS,15K684,Park Slope-Gowanus,"F, G to 7th Ave; R to 4th Ave Ð 9th St","B103, B61, B63, B67, B69"
,Millennium High School,02M418,Lower Manhattan,"1, R to Whitehall St-South Ferry ; 2, 3 to Wall St ; 4, 5 to Bowling Green ; A, C to Fulton St-Broadway-Nassau ; E to World Trade Center ; J, Z to Broad St ; N to South Ferry","BM1, BM2, BM3, BM4, BxM18, M15, M15-SBS, M20, M5, M9, QM11, QM25, QM7, QM8, X1, X10, X10B, X11, X12, X14, X15, X17, X17A, X19, X2, X27, X28, X3, X37, X38, X4, X42, X5, X7, X8, X9"
,Monroe Academy for Visual Arts & Design,12X692,West Farms-Bronx River,6 to Elder Ave,"Bx11, Bx27, Bx36, Bx4, Bx4A"
,Morris Academy for Collaborative Studies,09X297,Morrisania-Melrose,"2, 5 to Intervale Ave","Bx13, Bx15, Bx17, Bx21, Bx35, Bx4, Bx41, Bx41-SBS, Bx4A, Bx6"
,Mott Hall Bronx High School,09X252,Claremont-Bathgate,N/A,"Bx11, Bx15, Bx17, Bx21, Bx32, Bx41, Bx41-SBS"
,Mott Hall High School,05M304,Central Harlem North,"1 to 137th St - City College ; 2, 3, B, C to 135th St ; A, D to 125th St","Bx19, Bx33, M1, M10, M100, M101, M102, M104, M11, M2, M3, M4, M5, M7"
,Mott Hall V,12X242,West Farms-Bronx River,6 to Elder Ave,"Bx11, Bx27, Bx36, Bx4, Bx4A, Q44-SBS"
,Mott Haven Village Preparatory High School,07X473,Melrose S.-Mott Haven N.,"2, 5 to Jackson Ave","Bx13, Bx15, Bx17, Bx19, Bx2, Bx21, Bx4, Bx41, Bx41-SBS, Bx46, Bx4A, Bx6"
,Multicultural High School,19K583,Cypress Hills,"J, Z to 75th St Ð Elderts Lane","B13, Q56"
,Murray Hill Academy,02M432,Murray Hill-Kips Bay,"4, 5, 7, S to Grand Central - 42nd St ; 6 to 33rd St ; B, D, F, M, N, Q, R to 34th St-Herald Square","BM1, BM2, BM3, BM4, BM5, BxM1, BxM10, BxM11, BxM18, BxM2, BxM3, BxM4, BxM6, BxM7, BxM8, BxM9, M1, M101, M102, M103, M15, M15-SBS, M2, M3, M34A-SBS, M34-SBS, M4, M42, M5, M7, M9, Q32, QM1, QM10, QM12, QM15, QM16, QM17, QM18, QM2, QM20, QM21, QM24, QM3, QM4, QM5, QM6, X1, X10, X10B, X12, X14, X17, X17J, X2, X21, X22, X22A, X27, X28, X30, X31, X37, X38, X42, X5, X63, X64, X68, X7, X9"
,Murry Bergtraum High School for Business Careers,02M520,Chinatown,"1 to Chambers St ; 2, 3, A, C to Fulton St-Broadway-Nassau ; 4, 5, 6, J, Z to Brooklyn Bridge - City Hall ; E to Park Place ; N, Q to Canal St ; R to City Hall","BM1, BM2, BM3, BM4, BxM18, M103, M15, M15-SBS, M22, M5, M9, QM11, QM25, QM7, QM8, X1, X10, X10B, X11, X12, X14, X15, X17, X17A, X19, X2, X27, X28, X3, X4, X42, X5, X8"
,Nelson Mandela High School,16K765,Bedford-Stuyvesant,"A, C to Utica Ave","B15, B25, B26, B43, B45, B46, B47, B65"
,New Design High School,02M543,Chinatown,"B, D to Grand St ; F, J, M, Z to Delancey St-Essex St","B39, M103, M14A, M14D, M15, M15-SBS, M21, M22, M9"
,New Directions Secondary School,09X350,E. Concourse-Concourse Village,"4, B, D to 170th St","Bx1, Bx11, Bx15, Bx18, Bx2, Bx32, Bx35, Bx41, Bx41-SBS, BxM4"
,New Dorp High School,31R440,New Dorp-Midland Beach,N/A,"S57, S74, S76, S78, S79-SBS, S86, X1, X2, X3, X4, X5, X7, X8, X9"
,"New Explorations into Science, Technology and Math High School (NEST+m)",01M539,Lower East Side,"F, J, M, Z to Delancey St-Essex St","B39, M14A, M14D, M21, M22, M8, M9"
,New Explorers High School,07X547,E. Concourse-Concourse Village,"2, 4, 5 to 149th St-Grand Concourse ; B, D to 161st St-Yankee Stadium","Bx1, Bx13, Bx19, Bx2, Bx32, Bx41, Bx41-SBS, Bx6, BxM4"
,New Utrecht High School,20K445,Bensonhurst West,D to 79th St,"B1, B4, B64, B8, X28, X38"
,New World High School,11X513,Williamsbridge-Olinville,"2, 5 to 225th St","Bx31, Bx39, Bx8, BxM11"
,Newcomers High School,30Q555,Queensbridge-LIC,"7, N, Q to Queensboro Plaza ; E, M, R to Queens Plaza ; F to 21st St - Queensbridge ; G to Court Sq - 23rd St","B62, Q100, Q101, Q102, Q103, Q32, Q39, Q60, Q66, Q67, Q69"
,Newtown High School,24Q455,Elmhurst,"M, R to Grand Ave - Newtown","Q29, Q38, Q53, Q58, Q59, Q60, Q72, Q88, QM10, QM11"
,NYC iSchool,02M376,SoHo-Tribeca,"1, 6, A, J, N, Q, R, Z to Canal St ; 4, B, D, F, M to Broadway-Lafayette St ; C, E to Spring St ; N, R to Prince St","BxM18, M20, M21, M5, X1, X10, X10B, X12, X17, X27, X28, X7, X9"
,NYC Lab School for Collaborative Studies,02M412,Chelsea-Union Sq,"1 to 18th St ; 2, 3, F, M to 14th St ; A, C, E, L to 14th St-8th Ave","M11, M12, M14A, M14D, M20, M23, M5, M7, X1, X10, X10B, X12, X17, X27, X28"
,NYC Museum School,02M414,Chelsea-Union Sq,"1 to 18th St ; 2, 3, F, M to 14th St ; A, C, E, L to 14th St-8th Ave","M11, M12, M14A, M14D, M20, M23, M5, M7, X1, X10, X10B, X12, X17, X27, X28"
,Orchard Collegiate Academy (Henry Street School),01M292,Lower East Side,"B, D to Grand St ; F to East Broadway ; J, M, Z to Delancey St-Essex St","B39, M14A, M14D, M15, M15-SBS, M21, M22, M9, X14, X37, X38"
,Origins High School,22K611,Sheepshead Bay,N/A,"B3, B31, B36, B4, B44, B44-SBS, BM3, BM4"
,Pablo Neruda Academy,08X305,Castle Hill-Clason Point,N/A,"Bx22, Bx27, Bx36, Bx39, Bx5, BxM8"
,Pace High School,02M298,Chinatown,"6, N, Q, R to Canal St ; B, D to Grand St ; F to East Broadway ; J, Z to Bowery ; M to Delancey St-Essex St","B39, BxM18, M103, M14A, M15, M15-SBS, M22, M5, M9, X1, X10, X12, X17, X27, X28"
,Pan American International High School,24Q296,Elmhurst,7 to Junction Blvd,"Q29, Q38, Q53, Q58, Q72"
,Pan American International High School at Monroe,12X388,West Farms-Bronx River,6 to Elder Ave,"Bx11, Bx27, Bx36, Bx4, Bx4A"
,Park East High School,04M495,East Harlem South,6 to 103rd St,"BxM1, BxM11, BxM2, BxM3, BxM4, M1, M101, M102, M103, M106, M15, M15-SBS, M2, M3, M4, M96, M98"
,Park Slope Collegiate,15K464,Park Slope-Gowanus,"F, G to 7th Ave; R to 4th Ave Ð 9th St","B103, B61, B63, B67, B69"
,Pathways College Preparatory School: A College Board School,29Q259,Hollis,N/A,"Q2, Q4, Q77, Q83"
,Pathways in Technology Early College High School (P-TECH),17K122,Crown Heights North,3 to Kingston Ave; A to Utica Ave; C to Kingston-Throop,"B15, B25, B26, B43, B44, B45, B46, B65"
,Pelham Lab High School,08X320,Schuylerville-Throgs Neck,6 to Westchester Sq - East Tremont Ave,"Bx21, Bx24, Bx31, Bx4, Bx40, Bx42, Bx4A, Bx8"
,Pelham Preparatory Academy,11X542,Bronxdale,"2, 5 to Pelham Parkway","Bx12, Bx12-SBS, Bx26, Bx39, Bx8, BxM11"
,Performing Arts and Technology High School,19K507,East New York,3 to Pennsylvania Ave; C to Van Siclen Ave; L to Livonia Ave,"B14, B15, B20, B83"
,Port Richmond High School,31R445,Port Richmond,N/A,"S40, S44, S46, S53, S57, S59, S66, S89, S90, S94, S96, X10, X10B, X14"
,Preparatory Academy for Writers: A College Board School,29Q283,Springfield Gardens North,N/A,"Q3, Q77, Q85"
,Professional Pathways High School,22K630,Sheepshead Bay,"B, Q to Neck Road","B3, B31, B36, B4, B44, B44-SBS, BM3, BM4"
,Professional Performing Arts High School (PPAS),02M408,Clinton,"1, C, E to 50th St ; 2, 3, 7, S to Times Square-42nd St ; A to 42nd St-Port Authority Bus Terminal ; B, D to 7th Ave ; F, M to 47-50th Sts Rockefeller Center ; N, Q, R to 49th St","BxM2, M10, M104, M11, M12, M20, M31, M34A-SBS, M42, M5, M50, M57, M7, QM1, QM10, QM12, QM15, QM16, QM17, QM18, QM2, QM20, QM24, QM3, QM4, QM5, QM6, X1, X12, X14, X17J, X21, X22, X22A, X30, X31, X42, X7, X9"
,PROGRESS High School for Professional Careers,14K474,Bushwick,L to Grand St,"B24, B43, B48, B60, Q54, Q59"
,Queens Collegiate: A College Board School,28Q310,Briarwood-Jamaica Hills,F to 169th St,"Q1, Q17, Q2, Q25, Q3, Q30, Q31, Q34, Q36, Q43, Q6, Q65, Q76, Q77, Q8, X68"
,Queens Gateway to Health Sciences Secondary School,28Q680,Flushing Heights-Hillcrest,N/A,"Q25, Q34, Q46, Q65, QM1, QM5, QM6, QM7, QM8"
,"Queens High School for Information, Research, and Technology",27Q302,Far Rockaway-Bayswater,A to Beach 25th St-Wavecrest,"Q114, Q22, QM17"
,Queens High School for Language Studies,25Q241,Flushing,7 to Flushing Ð Main St,"Q12, Q13, Q15, Q15A, Q16, Q17, Q19, Q20A, Q20B, Q25, Q26, Q27, Q28, Q34, Q44-SBS, Q48, Q50, Q65, Q66, QM2, QM20, QM3"
,Queens High School for the Sciences at York College,28Q687,Jamaica,"E, J, Z to Jamaica Center - Parsons / Archer","Q1, Q110, Q111, Q112, Q113, Q114, Q17, Q2, Q20A, Q20B, Q24, Q25, Q3, Q30, Q31, Q34, Q36, Q4, Q40, Q41, Q42, Q44-SBS, Q5, Q54, Q56, Q6, Q60, Q65, Q76, Q8, Q83, Q84, Q85, Q9, X64"
,"Queens High School of Teaching, Liberal Arts and the Sciences",26Q566,Bellerose,N/A,"Q43, Q46, QM6"
,Queens Metropolitan High School,28Q686,Forest Hills,N/A,"BM5, Q11, Q21, Q23, Q52, Q53, Q54, Q55, QM12, QM15"
,Queens Preparatory Academy,29Q248,Springfield Gardens North,N/A,"Q3, Q77, Q85"
,"Queens School of Inquiry, The",25Q252,Kew Gardens Hills,N/A,"Q25, Q34, Q46, Q64, Q65, QM1, QM5, QM6, QM7, QM8"
,Queens Vocational and Technical High School,24Q600,Hunters Point-Sunnyside,7 to 40th St,"B24, Q32, Q39, Q60, Q67"
,Quest to Learn,02M422,Chelsea-Union Sq,"1 to 18th St ; 2, 3, F, M to 14th St ; A, C, E, L to 14th St-8th Ave","M11, M12, M14A, M14D, M20, M23, M5, M7, X27, X28"
,Rachel Carson High School for Coastal Studies,21K344,West Brighton,F to Neptune Ave-Van Siclen; Q to Ocean Parkway; Q to West 8th St Ð NY Aquarium,"B1, B36, B4, B68"
,Ralph R. McKee Career and Technical Education High School,31R600,New Brighton-St. George,SIR to St George,"S40, S42, S44, S46, S48, S51, S52, S61, S62, S66, S74, S76, S78, S81, S84, S86, S90, S91, S92, S94, S96, S98"
,Renaissance High School for Musical Theater & Technology,08X293,Schuylerville-Throgs Neck,6 to Westchester Sq - East Tremont Ave,"Bx21, Bx24, Bx31, Bx4, Bx40, Bx42, Bx4A, Bx8"
,Repertory Company High School for Theatre Arts,02M531,Midtown,"1, 2, 3, A, C, E, N, Q, R, S to Times Square-42nd St ; 4, 5, 6 to Grand Central - 42nd St ; 7, B, D, F, M to 42nd St-Bryant Park","BM1, BM2, BM3, BM4, BM5, BxM10, BxM11, BxM18, BxM2, BxM3, BxM4, BxM6, BxM7, BxM8, BxM9, M1, M104, M11, M2, M20, M3, M34A-SBS, M34-SBS, M4, M42, M5, M50, M7, Q32, QM1, QM10, QM12, QM15, QM16, QM17, QM18, QM2, QM20, QM21, QM24, QM3, QM4, QM5, QM6, X1, X10, X10B, X12, X14, X17, X17J, X2, X21, X22, X22A, X27, X28, X30, X31, X37, X38, X42, X5, X63, X64, X68, X7, X9"
,Richard R. Green High School of Teaching,02M580,Lower Manhattan,"1, R to Rector St ; 1, R to Whitehall St-South Ferry ; 2, 3 to Wall St ; 4, 5 to Bowling Green ; A, C to Fulton St-Broadway-Nassau ; E to World Trade Center ; J, Z to Broad St ; N to South Ferry","BM1, BM2, BM3, BM4, BxM18, M15, M15-SBS, M20, M5, M9, QM11, QM25, QM7, QM8, X1, X10, X10B, X11, X12, X14, X15, X17, X17A, X19, X2, X27, X28, X3, X37, X38, X4, X42, X5, X7, X8, X9"
,Richmond Hill High School,27Q475,Richmond Hill,J to 111th St; Z to 121st St,"Q10, Q24, Q37, Q55, Q56, Q8, QM18"
,Riverdale / Kingsbridge Academy (Middle School / High School 141) (RKA),10X141,Fieldston-Riverdale,N/A,"Bx10, Bx20, Bx7, BxM1, BxM18, BxM2"
,Robert F. Kennedy Community High School,25Q670,Kew Gardens Hills,N/A,"Q20A, Q20B, Q25, Q34, Q46, Q64, Q65, QM1, QM4, QM5, QM6, QM7, QM8"
,"Robert F. Wagner, Jr. Secondary School for Arts and Technology",24Q560,Hunters Point-Sunnyside,"7 to 33rd St; E, M, R to Queens Plaza; G to Court Sq Ð 23rd St","B24, B62, Q100, Q101, Q102, Q32, Q39, Q60, Q67, Q69"
,Robert H. Goddard High School of Communication Arts and Technology,27Q308,Ozone Park,N/A,"B15, BM5, Q11, Q21, Q41, Q7, QM15"
,Rockaway Collegiate High School,27Q351,Breezy Point-Rockaway Park,"A, S to Beach 98th St-Playland","Q22, Q52, Q53, QM16, QM17"
,Rockaway Park High School for Environmental Sustainability,27Q324,Breezy Point-Rockaway Park,"A, S to Beach 98th St-Playland","Q22, Q52, Q53, QM16, QM17"
,Scholars' Academy,27Q323,Breezy Point-Rockaway Park,"A, S to Beach 105th St-Seaside","Q22, Q52, Q53, QM16"
,School for Democracy and Leadership,17K533,Prospect Lefferts Gardens,"2, 5 to Winthrop St","B12, B17, B43, B44, B44-SBS"
,School for Excellence,09X404,Morrisania-Melrose,"2, 5 to Intervale Ave","Bx13, Bx15, Bx17, Bx21, Bx35, Bx4, Bx41, Bx41-SBS, Bx4A, Bx6"
,School for International Studies,15K497,DUMBO-Downtown Brooklyn,"A, C to Hoyt & Schermerhorn; F, G to Bergen St","B103, B41, B45, B57, B61, B62, B63, B65, B67"
,School for Legal Studies,14K477,Bushwick,L to Grand St,"B24, B43, B48, B60, Q54, Q59"
,School for Tourism and Hospitality,08X559,Morrisania-Melrose,"6 to Longwood Ave ; 2, 5 to Prospect Ave","Bx13, Bx15, Bx17, Bx19, Bx21, Bx4, Bx46, Bx4A, Bx6"
,School of the Future High School,02M413,Gramercy,"6, F, M, N, R to 23rd St ; 4, 5, L, Q to 14th St-Union Square","BM1, BM2, BM3, BM4, BxM10, BxM11, BxM18, BxM3, BxM4, BxM6, BxM7, BxM8, BxM9, M1, M101, M102, M103, M14A, M14D, M15, M15-SBS, M2, M23, M3, M34A-SBS, M5, M7, M9, QM21, X1, X10, X10B, X12, X14, X17, X2, X27, X28, X37, X38, X42, X5, X63, X64, X68, X7, X9"
,Schuylerville Preparatory High School,08X348,Schuylerville-Throgs Neck,6 to Westchester Sq - East Tremont Ave,"Bx21, Bx24, Bx31, Bx4, Bx40, Bx42, Bx4A, Bx8"
,"Science Skills Center High School for Science, Technology and the Creative Arts",13K419,DUMBO-Downtown Brooklyn,"2, 3, 4, 5 to Court St Ð Bourough Hall; A, C to High St; B, Q to DeKalb Ave; F to York St; R to Jay St-MetroTech","B103, B25, B26, B38, B41, B45, B52, B54, B57, B61, B62, B65, B67, B69"
,"Science, Technology and Research Early College High School at Erasmus (STAR)",17K543,Flatbush,"2, 5, B, Q to Church Ave","B103, B12, B16, B35, B41, B44, B44-SBS, B49, BM1, BM2, BM3, BM4"
,Secondary School for Journalism,15K463,Park Slope-Gowanus,"F, G to 7th Ave; R to 4th Ave Ð 9th St","B103, B61, B63, B67, B69"
,South Bronx Preparatory: A College Board School,07X221,Mott Haven-Port Morris,"2, 5 to 3rd Ave-149th St ; 4 to 138th St - Grand Concourse ; 6 to 3rd Ave - 138th St","Bx1, Bx15, Bx17, Bx19, Bx2, Bx21, Bx32, Bx33, Bx4, Bx41, Bx41-SBS, Bx4A"
,Special Music School,03M859,Lincoln Square,"1 to 66th St - Lincoln Center ; 2, 3, B, C to 72nd St ; A, D to 59th St-Columbus Circle","BxM2, M10, M104, M11, M20, M5, M57, M66, M7, M72"
,Spring Creek Community School,19K422,Bergen Beach,N/A,"B100, B13, B20, B3, B41, B47, B6, B83, B84, BM1, BM5, Q8"
,Staten Island Technical High School,31R605,New Dorp-Midland Beach,SIR to New Dorp,"S57, S74, S76, S78, S79-SBS, S86, X1, X15, X2, X3, X4, X5, X7, X8, X9"
,Stephen T. Mather Building Arts & Craftsmanship High School,02M139,Clinton,N/A,"BxM2, M10, M104, M11, M12, M20, M31, M34A-SBS, M42, M50, M57, M7, X1, X12, X14, X17J, X21, X22, X22A, X30, X31, X42, X7, X9"
,Stuyvesant High School,02M475,Lower Manhattan,"1, 2, 3, A, C to Chambers St ; E to World Trade Center ; R to City Hall","BM1, BM2, BM3, BM4, BxM18, M20, M22, M5, M9, QM11, QM25, QM7, QM8, X1, X10, X10B, X11, X12, X15, X17, X17A, X19, X27, X28, X3, X4, X7, X8, X9"
,Sunset Park High School,15K667,Sunset Park West,"D, N, R to 36th St Ð 4 Ave","B35, B37, B63, B70, X12, X14, X17, X17A, X19, X3, X42, X5, X9"
,Susan E. Wagner High School,31R460,Todt Hill-Heartland Village,N/A,"S54, S57, S61, S91, X31"
,Talent Unlimited High School,02M519,Lenox Hill-Roosevelt Is,"4, 5, N, Q, R to Lexington Ave-59 St ; 6 to 68th St - Hunter College ; F to Lexington Ave-63 St","BxM1, BxM10, BxM11, BxM3, BxM4, BxM6, BxM7, BxM8, BxM9, M1, M101, M102, M103, M15, M15-SBS, M2, M3, M31, M4, M57, M66, M72, M98, Q101, Q32, Q60, QM2, QM20, QM3"
,Teachers Preparatory High School,23K697,Brownsville,3 to Rockaway Ave,"B12, B14, B15, B60, B7"
,The Bronxwood Preparatory Academy,11X514,Williamsbridge-Olinville,"2, 5 to 225th St","Bx31, Bx39, Bx8, BxM11"
,The Brooklyn Academy of Global Finance,16K688,Bedford-Stuyvesant,"J to Kosciusko St; M, Z to Myrtle Ave","B15, B38, B43, B46, B47, B52, B54, Q24"
,The Brooklyn School for Math and Research (BSMARt),32K168,Bushwick,"L, M to Myrtle Ave-Wyckoff Ave","B13, B20, B26, B38, B52, B54, B60, Q55, Q58"
,The Cinema School,12X478,West Farms-Bronx River,6 to Elder Ave,"Bx11, Bx27, Bx36, Bx4, Bx4A, Q44-SBS"
,The College Academy,06M462,Washington Heights N.,1 to 191st St ; A to 190th St,"Bx18, Bx40, Bx42, Bx7, M100, M101, M3, M4, M98"
,The Global Learning Collaborative,03M403,Upper West Side,"1, B, C to 86th St ; 2, 3 to 96th St","BxM2, M10, M104, M11, M5, M7, M79, M86-SBS"
,"The High School for Enterprise, Business and Technology",14K478,Bushwick,L to Grand St,"B24, B43, B48, B60, Q54, Q59"
,The High School for Global Citizenship,17K528,Crown Heights South,"2, 3, 4, 5 to Franklin Ave; B, Q to Prospect Park; F to Park Place; S to Botanic Garden","B16, B41, B43, B44-SBS, B45, B48, B49, B69"
,The High School For Language And Diplomacy,02M399,Gramercy,"1, 2, 3, F, M to 14th St - 6th Ave ; 4, 5, 6, L, N, Q, R to 14th St-Union Square ; L to 3rd Ave","BM1, BM2, BM3, BM4, BxM10, BxM6, BxM7, BxM8, BxM9, M1, M101, M102, M103, M14A, M14D, M15, M15-SBS, M2, M23, M3, M34A-SBS, M5, M7, M8, M9, QM21, X1, X10, X10B, X12, X14, X17, X2, X27, X28, X37, X38, X42, X5, X63, X64, X68, X7, X9"
,The High School of Fashion Industries,02M600,Chelsea-Union Sq,"1, C, E, F, M to 23rd St ; 2, 3 to 34th St - Penn Station ; A, L to 14th St-8th Ave ; B, D, Q to 34th St-Herald Square ; N, R to 28th St","BM1, BM2, BM3, BM4, BxM11, BxM18, BxM2, BxM3, BxM4, M1, M11, M12, M14A, M14D, M2, M20, M23, M3, M34A-SBS, M34-SBS, M4, M5, M7, Q32, X1, X10, X10B, X12, X14, X17, X17J, X22, X22A, X27, X28, X31, X42, X63, X64, X68, X7, X9"
,"The Marie Curie School for Medicine, Nursing, and Health Professions",10X237,Van Cortlandt Village,1 to 231st St,"Bx1, Bx10, Bx2, Bx20, Bx22, Bx26, Bx3, Bx32, Bx7, Bx9, BxM1, BxM18, BxM2, BxM3"
,The Maxine Greene High School for Imaginative Inquiry,03M299,Lincoln Square,"1 to 66th St - Lincoln Center ; 2, 3 to 72nd St ; A, B, C, D to 59th St-Columbus Circle","BxM2, M10, M104, M11, M12, M20, M31, M5, M57, M66, M7, M72, X12, X14, X30, X42"
,The Metropolitan Soundview High School,12X521,West Farms-Bronx River,6 to Elder Ave,"Bx11, Bx27, Bx36, Bx4, Bx4A"
,The Michael J. Petrides School,31R080,Todt Hill-Heartland Village,N/A,"S53, S61, S62, S66, S78, S93, X14"
,"The School for Classics: An Academy of Thinkers, Writers and Performers",19K683,East New York,"A, C to Euclid Ave","B13, B14, B15, B20, BM5, Q7, Q8"
,The School for Human Rights,17K531,Prospect Lefferts Gardens,"2, 5 to Winthrop St","B12, B17, B43, B44, B44-SBS"
,The Urban Assembly Bronx Academy of Letters,07X551,Mott Haven-Port Morris,"2 to 149th St-Grand Concourse ; 4, 5 to 138th St - Grand Concourse ; 6 to 138th St-3rd Ave ; 6 to 3rd Ave - 138th St","Bx1, Bx13, Bx15, Bx19, Bx2, Bx21, Bx32, Bx33, Bx41, Bx41-SBS"
,The Urban Assembly School for Collaborative Healthcare,19K764,Cypress Hills,"J, Z to 75th St Ð Elderts Lane","B13, Q56"
,The Urban Assembly School for Emergency Management,02M135,Chinatown,N/A,"BM1, BM2, BM3, BM4, BxM18, M103, M15, M15-SBS, M22, M5, M9, QM11, QM25, QM7, QM8, X1, X10, X10B, X11, X12, X14, X15, X17, X17A, X19, X2, X27, X28, X3, X4, X42, X5, X8"
,The Urban Assembly School for Global Commerce,05M157,Central Harlem North,"2, 3, 4, 5, 6 to 125th St","Bx15, Bx33, BxM10, BxM3, BxM4, BxM6, BxM7, BxM8, BxM9, M1, M100, M101, M102, M103, M15, M15-SBS, M2, M35, M60-SBS, M7, M98"
,The Urban Assembly School for Green Careers,03M402,Upper West Side,"1, B, C to 86th St ; 2, 3 to 96th St","BxM2, M10, M104, M11, M5, M7, M79, M86-SBS"
,The Urban Assembly School for Law and Justice,13K483,DUMBO-Downtown Brooklyn,"2, 3, 4, 5 to Court St Ð Bourough Hall; A, C, F, R to Jay St-MetroTech; B, Q to DeKalb Ave; G to Hoyt & Schermerhorn","B103, B25, B26, B38, B41, B45, B52, B54, B57, B61, B62, B63, B65, B67, B69"
,Theater Arts Production Company School (TaPCO),10X225,Mount Hope,"4 to 183rd St ; B, D to 182nd-183rd Sts","Bx1, Bx15, Bx17, Bx2, Bx32, Bx36, Bx40, Bx41, Bx41-SBS, Bx42, BxM4"
,Thomas A. Edison Career and Technical Education High School,28Q620,Briarwood-Jamaica Hills,F to 169th St,"Q1, Q17, Q2, Q25, Q3, Q30, Q31, Q34, Q36, Q43, Q46, Q65, Q76, Q77, QM1, QM5, QM6, QM7, QM8, X68"
,Thurgood Marshall Academy for Learning and Social Change,05M670,Central Harlem North,"2, 3, B, C to 135th St ; A, D to 125th St","Bx15, Bx33, M1, M10, M100, M101, M102, M104, M11, M2, M3, M7"
,Tottenville High School,31R455,Annadale-Huguenot-Princes Bay,SIR to Huguenot,"S55, S56, S59, S78, X17, X17J, X19"
,Townsend Harris High School,25Q525,Kew Gardens Hills,N/A,"Q17, Q20A, Q20B, Q25, Q34, Q44-SBS, Q64, Q88, QM4"
,Transit Tech Career and Technical Education High School,19K615,East New York,"A, C to Euclid Ave; J, Z to Norwood Ave","B13, B14, Q24, Q7, Q8"
,Union Square Academy for Health Sciences,02M533,Gramercy,"1, 2, 3, F, M to 14th St - 6th Ave ; 4, 5, 6, L, N, Q, R to 14th St-Union Square ; L to 3rd Ave","BM1, BM2, BM3, BM4, BxM10, BxM6, BxM7, BxM8, BxM9, M1, M101, M102, M103, M14A, M14D, M15, M15-SBS, M2, M23, M3, M34A-SBS, M5, M7, M8, M9, QM21, X1, X10, X10B, X12, X14, X17, X2, X27, X28, X37, X38, X42, X5, X63, X64, X68, X7, X9"
,Unity Center for Urban Technologies,02M500,Murray Hill-Kips Bay,"4, 5, 7, S to Grand Central - 42nd St ; 6 to 33rd St ; B, D, F, M, N, Q, R to 34th St-Herald Square","BM1, BM2, BM3, BM4, BM5, BxM1, BxM10, BxM11, BxM18, BxM2, BxM3, BxM4, BxM6, BxM7, BxM8, BxM9, M1, M101, M102, M103, M15, M15-SBS, M2, M3, M34A-SBS, M34-SBS, M4, M42, M5, M7, M9, Q32, QM1, QM10, QM12, QM15, QM16, QM17, QM18, QM2, QM20, QM21, QM24, QM3, QM4, QM5, QM6, X1, X10, X10B, X12, X14, X17, X17J, X2, X21, X22, X22A, X27, X28, X30, X31, X37, X38, X42, X5, X63, X64, X68, X7, X9"
,University Heights Secondary School,07X495,Melrose S.-Mott Haven N.,"2, 5 to Jackson Ave","Bx13, Bx15, Bx17, Bx19, Bx2, Bx21, Bx4, Bx41, Bx41-SBS, Bx46, Bx4A, Bx6"
,University Neighborhood High School,01M448,Lower East Side,"F to East Broadway ; J, M, Z to Delancey St-Essex St","M14A, M14D, M15, M21, M22, M9, X14, X37, X38"
,Urban Action Academy,18K642,Canarsie,L to Canarsie Ð Rockaway Pkwy,"B103, B17, B42, B6, B60, B82, BM2"
,"Urban Assembly Academy of Government and Law, The",02M305,Chinatown,"B, D to Grand St ; F, J, M, Z to Delancey St-Essex St","B39, M103, M14A, M14D, M15, M15-SBS, M21, M22, M9"
,Urban Assembly Gateway School for Technology,02M507,Clinton,"1, C, E to 50th St ; 2, B, D to 59th St-Columbus Circle ; A to 42nd St-Port Authority Bus Terminal ; B, D to 7th Ave ; N, Q, R to 49th St","BxM2, M10, M104, M11, M12, M20, M31, M34A-SBS, M42, M50, M57, M7, X1, X12, X14, X17J, X21, X22, X22A, X30, X31, X42, X7, X9"
,Urban Assembly High School of Music and Art,13K350,DUMBO-Downtown Brooklyn,"2, 3, 4, 5 to Court St Ð Bourough Hall; A, C to High St; B, Q to DeKalb Ave; F to York St; R to Jay St-MetroTech","B103, B25, B26, B38, B41, B45, B52, B54, B57, B61, B62, B65, B67, B69"
,Urban Assembly Institute of Math and Science for Young Women,13K527,DUMBO-Downtown Brooklyn,"2, 3, 4, 5 to Court St Ð Bourough Hall; A, C, F, R to Jay St-MetroTech; B, Q to DeKalb Ave; G to Hoyt & Schermerhorn","B103, B25, B26, B38, B41, B45, B52, B54, B57, B61, B62, B63, B65, B67, B69"
,Urban Assembly Maker Academy,02M282,Chinatown,"1 to Chambers St ; 2, 3, A, C to Fulton St-Broadway-Nassau ; 4, 5, 6, J, Z to Brooklyn Bridge - City Hall ; E to Park Place ; N, Q to Canal St ; R to City Hall","BM1, BM2, BM3, BM4, BxM18, M103, M15, M15-SBS, M22, M5, M9, QM11, QM25, QM7, QM8, X1, X10, X10B, X11, X12, X14, X15, X17, X17A, X19, X2, X27, X28, X3, X4, X42, X5, X8"
,Urban Assembly New York Harbor School,02M551,Governors Island,N/A,N/A
,"Urban Assembly School for Applied Math and Science, The",09X241,Claremont-Bathgate,N/A,"Bx11, Bx15, Bx17, Bx21, Bx32, Bx41, Bx41-SBS"
,Urban Assembly School for Careers in Sports,07X548,E. Concourse-Concourse Village,"2, 4, 5 to 149th St-Grand Concourse ; B, D to 161st St-Yankee Stadium","Bx1, Bx13, Bx19, Bx2, Bx32, Bx41, Bx41-SBS, Bx6, BxM4"
,Urban Assembly School for Criminal Justice,20K609,Borough Park,F to Ditmas Ave,"B11, B16, B35, B67, B69, B8"
,"Urban Assembly School for Media Studies, The",03M307,Lincoln Square,"1 to 66th St - Lincoln Center ; 2, 3 to 72nd St ; A, B, C, D to 59th St-Columbus Circle","BxM2, M10, M104, M11, M12, M20, M31, M5, M57, M66, M7, M72, X12, X14, X30, X42"
,Urban Assembly School for the Performing Arts,05M369,Manhattanville,"1, A, B, C, D to 125th St","Bx15, Bx33, M10, M100, M101, M104, M11, M3, M4, M5, M60-SBS"
,Urban Assembly School for Wildlife Conservation,12X372,East Tremont,"2, 5 to West Farms Sq - East Tremont Ave","Bx17, Bx19, Bx21, Bx36, Bx40, Bx42, Bx9, Q44-SBS"
,"Urban Assembly School of Business for Young Women, The",02M316,Lower Manhattan,"1, R to Rector St ; 1, R to Whitehall St-South Ferry ; 2, 3 to Wall St ; 4, 5 to Bowling Green ; A, C to Fulton St-Broadway-Nassau ; E to World Trade Center ; J, Z to Broad St ; N to South Ferry","BM1, BM2, BM3, BM4, BxM18, M15, M15-SBS, M20, M5, M9, QM11, QM25, QM7, QM8, X1, X10, X10B, X11, X12, X14, X15, X17, X17A, X19, X2, X27, X28, X3, X37, X38, X4, X42, X5, X7, X8, X9"
,"Urban Assembly School of Design and Construction, The",02M300,Clinton,"C, E to 50th St","M104, M11, M12, M20, M31, M34A-SBS, M42, M50, M57, X12, X14, X30, X42"
,Validus Preparatory Academy: An Expeditionary Learning School,09X263,Claremont-Bathgate,N/A,"Bx11, Bx15, Bx17, Bx21, Bx32, Bx41, Bx41-SBS"
,Vanguard High School,02M449,Lenox Hill,"4, 5, N, Q, R to Lexington Ave-59 St ; 6 to 68th St - Hunter College ; F to Lexington Ave-63 St","BxM1, BxM10, BxM11, BxM3, BxM4, BxM6, BxM7, BxM8, BxM9, M1, M101, M102, M103, M15, M15-SBS, M2, M3, M31, M4, M57, M66, M72, M98, Q101, Q32, Q60, QM2, QM20, QM3"
,Veritas Academy,25Q240,Flushing,7 to Flushing Ð Main St,"Q12, Q13, Q15, Q15A, Q16, Q17, Q19, Q20A, Q20B, Q25, Q26, Q27, Q28, Q34, Q44-SBS, Q48, Q50, Q65, Q66, QM2, QM20, QM3"
,Victory Collegiate High School,18K576,Canarsie,N/A,"B103, B47, B6, B82, BM1, BM2"
,W. H. Maxwell Career and Technical Education High School,19K660,East New York,"A to Broadway Junction; C to Liberty Ave; J, Z to Alabama Ave; L to Atlantic Ave","B12, B14, B20, B25, B83, Q24, Q56"
,W.E.B. DuBois Academic High School,17K489,Crown Heights,"2, 3, 4, 5 to Franklin Avenue","B43, B44, B44-SBS, B45, B48, B49, B65"
,Wadleigh Secondary School for the Performing & Visual Arts,03M415,Central Harlem South,"2, 3, B, C to 116th St","M1, M10, M102, M11, M116, M2, M3, M4, M7"
,Washington Heights Expeditionary Learning School (WHEELS),06M348,Washington Heights N.,"1, A to 181st St","Bx11, Bx13, Bx18, Bx3, Bx35, Bx36, Bx7, M100, M101, M3, M4, M5, M98"
,West Bronx Academy for the Future,10X243,Belmont,"B, D to Fordham Rd","Bx1, Bx12, Bx12-SBS, Bx15, Bx17, Bx19, Bx2, Bx22, Bx28, Bx34, Bx38, Bx41, Bx41-SBS, Bx9, BxM4"
,Westchester Square Academy,08X558,Schuylerville-Throgs Neck,6 to Westchester Sq - East Tremont Ave,"Bx21, Bx24, Bx31, Bx4, Bx40, Bx42, Bx4A, Bx8"
,William Cullen Bryant High School,30Q445,Astoria,"M, R to 46th St","Q101, Q104, Q18, Q66"
,William E. Grady Career and Technical Education High School,21K620,Brighton Beach,"B, Q to Brighton Beach","B1, B36, B4, B49, B68, BM3"
,Williamsburg High School for Architecture and Design,14K558,Williamsburg,"G to Metropolitan Ave-Lorimer St; J, M, Z to Marcy Ave; L to Bedford Ave","B24, B32, B39, B44, B44-SBS, B46, B48, B60, B62, Q54, Q59"
,Williamsburg Preparatory School,14K561,Williamsburg,"G to Metropolitan Ave-Lorimer St; J, M, Z to Marcy Ave; L to Bedford Ave","B24, B32, B39, B44, B44-SBS, B46, B48, B60, B62, Q54, Q59"
,Wings Academy,12X684,East Tremont,"2, 5 to East 180th St","Bx21, Bx36, Bx40, Bx42, Bx9, BxM10, BxM6, Q44-SBS"
,Women's Academy of Excellence,08X282,Castle Hill-Clason Point,N/A,"Bx22, Bx27, Bx36, Bx39, Bx5"
,World Academy for Total Community Health High School (WATCH),19K510,East New York,3 to Pennsylvania Ave; C to Van Siclen Ave; L to Livonia Ave,"B14, B15, B20, B83"
,World Journalism Preparatory: A College Board School,25Q285,Auburndale,N/A,"Q12, Q13, Q16, Q28, Q31, Q76, QM3"
,World View High School,10X353,Van Cortlandt Village,"4 to Mosholu Parkway ; B, D to Bedford Park Blvd","Bx1, Bx10, Bx16, Bx2, Bx22, Bx26, Bx28, Bx30, Bx34, Bx38, BxM3, BxM4"
,York Early College Academy,28Q284,South Jamaica,N/A,"Q111, Q112, Q113, Q114, Q4, Q42, Q5, Q60, Q83, Q84, Q85, X64"
,Young WomenÕs Leadership School (TYWLS),04M610,East Harlem South,"2, 3 to Central Park North-110th St ; 6 to 103rd St","BxM11, BxM2, BxM3, BxM4, M1, M101, M102, M103, M106, M116, M15, M15-SBS, M2, M3, M4, M98"
,Young Women's Leadership School of Brooklyn (TYWLS),14K614,Bushwick,"J, M to Flushing Ave; L to Montrose Ave","B15, B43, B46, B47, B48, B57, B60, Q54, Q59"
,Young Women's Leadership School of the Bronx (TYWLS),09X568,Mount Hope,"4 to 176th St ; B, D to 174th-175th Sts","Bx1, Bx18, Bx2, Bx3, Bx32, Bx36, Bx40, Bx41, Bx41-SBS, Bx42, BxM4"
,"Young Women's Leadership School, Astoria (TYWLS)",30Q286,Old Astoria,"N, Q to 30 Ave-Grand Ave","M60-SBS, Q100, Q102, Q103, Q18, Q19, Q69"
,"Young Women's Leadership School, Queens (TYWLS)",28Q896,Briarwood-Jamaica Hills,"E, J, Z to Jamaica Center Ð Parsons / Archer; F to Parsons Blvd","Q1, Q110, Q111, Q112, Q113, Q114, Q17, Q2, Q20A, Q20B, Q24, Q25, Q3, Q30, Q31, Q34, Q36, Q4, Q40, Q41, Q42, Q43, Q44-SBS, Q5, Q54, Q56, Q6, Q65, Q76, Q77, Q8, Q83, Q84, Q85, Q9, X68"